datetime,open,high,low,close,volume
2016-01-04,73.65,73.65,73.63,73.65,1066390
2016-01-05,73.63,73.65,73.63,73.65,5176724
2016-01-06,73.63,73.63,73.61,73.61,390635
2016-01-07,73.65,73.65,73.63,73.63,652133
2016-01-08,73.63,73.65,73.63,73.63,586900
2016-01-11,73.63,73.65,73.63,73.63,1459032
2016-01-12,73.61,73.65,73.61,73.65,443822
2016-01-13,73.63,73.65,73.61,73.63,2033582
2016-01-14,73.65,73.65,73.61,73.61,1760261
2016-01-15,73.61,73.63,73.61,73.61,601653
2016-01-19,73.63,73.63,73.61,73.63,4426520
2016-01-20,73.63,73.65,73.63,73.63,739521
2016-01-21,73.63,73.65,73.63,73.65,1291186
2016-01-22,73.65,73.65,73.61,73.61,1004547
2016-01-25,73.63,73.63,73.61,73.63,605623
2016-01-26,73.63,73.63,73.61,73.61,313057
2016-01-27,73.63,73.63,73.61,73.63,1669117
2016-01-28,73.61,73.63,73.61,73.63,163994
2016-01-29,73.61,73.65,73.61,73.65,797369
2016-02-01,73.63,73.65,73.61,73.61,845059
2016-02-02,73.61,73.63,73.61,73.61,1626387
2016-02-03,73.63,73.65,73.61,73.63,2409687
2016-02-04,73.63,73.65,73.63,73.65,281149
2016-02-05,73.65,73.65,73.63,73.65,329981
2016-02-08,73.65,73.65,73.63,73.63,600757
2016-02-09,73.64,73.65,73.63,73.65,896775
2016-02-10,73.63,73.65,73.63,73.63,614846
2016-02-11,73.65,73.65,73.63,73.64,465476
2016-02-12,73.65,73.65,73.63,73.63,439399
2016-02-16,73.65,73.65,73.63,73.63,395760
2016-02-17,73.65,73.65,73.63,73.63,1286186
2016-02-18,73.65,73.65,73.63,73.65,715412
2016-02-19,73.65,73.65,73.63,73.65,912851
2016-02-22,73.65,73.65,73.63,73.65,201614
2016-02-23,73.65,73.65,73.63,73.63,1023100
2016-02-24,73.65,73.65,73.63,73.65,665574
2016-02-25,73.63,73.65,73.63,73.63,1244090
2016-02-26,73.63,73.65,73.63,73.63,883438
2016-02-29,73.65,73.65,73.63,73.65,1616817
2016-03-01,73.63,73.65,73.63,73.65,634628
2016-03-02,73.65,73.65,73.63,73.63,1872565
2016-03-03,73.63,73.65,73.63,73.65,1329024
2016-03-04,73.65,73.65,73.63,73.65,3954760
2016-03-07,73.65,73.65,73.63,73.65,913079
2016-03-08,73.63,73.65,73.63,73.63,542196
2016-03-09,73.63,73.65,73.63,73.65,661840
2016-03-10,73.63,73.65,73.63,73.65,198889
2016-03-11,73.63,73.65,73.63,73.63,386949
2016-03-14,73.63,73.65,73.63,73.63,293918
2016-03-15,73.65,73.65,73.63,73.63,2670668
2016-03-16,73.63,73.65,73.63,73.65,309307
2016-03-17,73.65,73.66,73.63,73.63,199489
2016-03-18,73.65,73.65,73.63,73.63,613243
2016-03-21,73.63,73.65,73.63,73.65,1511626
2016-03-22,73.63,73.65,73.63,73.64,286669
2016-03-23,73.63,73.65,73.63,73.63,261692
2016-03-24,73.63,73.65,73.63,73.65,714251
2016-03-28,73.65,73.66,73.65,73.65,350744
2016-03-29,73.65,73.66,73.65,73.65,646437
2016-03-30,73.66,73.66,73.65,73.65,264639
2016-03-31,73.65,73.66,73.65,73.65,2979385
2016-04-01,73.65,73.66,73.65,73.65,946411
2016-04-04,73.65,73.66,73.65,73.65,1627331
2016-04-05,73.66,73.66,73.65,73.66,1864586
2016-04-06,73.65,73.66,73.65,73.66,1084993
2016-04-07,73.65,73.66,73.65,73.65,1307518
2016-04-08,73.65,73.66,73.65,73.66,192119
2016-04-11,73.65,73.66,73.65,73.65,588570
2016-04-12,73.65,73.66,73.65,73.65,173196
2016-04-13,73.65,73.66,73.65,73.66,183599
2016-04-14,73.65,73.66,73.65,73.66,144054
2016-04-15,73.66,73.66,73.65,73.65,219040
2016-04-18,73.65,73.66,73.65,73.66,3622241
2016-04-19,73.65,73.66,73.65,73.66,139697
2016-04-20,73.66,73.66,73.65,73.66,199484
2016-04-21,73.66,73.66,73.65,73.65,446354
2016-04-22,73.66,73.66,73.65,73.66,388548
2016-04-25,73.65,73.66,73.65,73.65,616656
2016-04-26,73.65,73.66,73.65,73.66,252637
2016-04-27,73.66,73.66,73.65,73.66,105172
2016-04-28,73.65,73.66,73.65,73.66,279734
2016-04-29,73.66,73.68,73.66,73.68,728395
2016-05-02,73.68,73.68,73.66,73.66,370330
2016-05-03,73.66,73.68,73.66,73.68,718860
2016-05-04,73.66,73.68,73.66,73.66,712593
2016-05-05,73.66,73.68,73.66,73.66,579518
2016-05-06,73.66,73.68,73.66,73.68,2157506
2016-05-09,73.68,73.68,73.66,73.68,110106
2016-05-10,73.66,73.68,73.66,73.68,876297
2016-05-11,73.66,73.66,73.65,73.65,158985
2016-05-12,73.66,73.66,73.65,73.65,192535
2016-05-13,73.65,73.66,73.65,73.65,513346
2016-05-16,73.65,73.66,73.65,73.65,184939
2016-05-17,73.66,73.66,73.65,73.65,410443
2016-05-18,73.66,73.68,73.65,73.66,1319882
2016-05-19,73.65,73.66,73.65,73.65,124078
2016-05-20,73.66,73.68,73.65,73.66,393083
2016-05-23,73.66,73.68,73.65,73.68,829983
2016-05-24,73.66,73.68,73.65,73.65,619635
2016-05-25,73.66,73.66,73.65,73.66,244151
2016-05-26,73.66,73.68,73.65,73.66,290426
2016-05-27,73.66,73.68,73.66,73.68,273384
2016-05-31,73.68,73.68,73.65,73.68,506595
2016-06-01,73.66,73.68,73.66,73.68,582835
2016-06-02,73.66,73.68,73.66,73.66,176327
2016-06-03,73.68,73.69,73.66,73.68,745662
2016-06-06,73.68,73.69,73.68,73.69,366334
2016-06-07,73.68,73.69,73.68,73.69,158539
2016-06-08,73.68,73.69,73.68,73.69,250744
2016-06-09,73.69,73.69,73.66,73.66,1767373
2016-06-10,73.66,73.68,73.66,73.66,281157
2016-06-13,73.68,73.68,73.66,73.66,159373
2016-06-14,73.66,73.68,73.66,73.66,772262
2016-06-15,73.68,73.68,73.66,73.66,683629
2016-06-16,73.68,73.69,73.66,73.68,1156229
2016-06-17,73.68,73.69,73.66,73.66,463697
2016-06-20,73.66,73.68,73.66,73.68,132117
2016-06-21,73.68,73.69,73.66,73.68,967073
2016-06-22,73.68,73.68,73.66,73.68,171911
2016-06-23,73.66,73.68,73.66,73.68,1236404
2016-06-24,73.66,73.68,73.66,73.66,643403
2016-06-27,73.66,73.69,73.66,73.66,3146211
2016-06-28,73.68,73.69,73.66,73.66,802359
2016-06-29,73.69,73.69,73.66,73.66,1668290
2016-06-30,73.68,73.69,73.66,73.66,717754
2016-07-01,73.68,73.69,73.66,73.69,512573
2016-07-05,73.68,73.69,73.66,73.69,1137688
2016-07-06,73.69,73.69,73.66,73.68,740700
2016-07-07,73.68,73.69,73.68,73.69,200461
2016-07-08,73.69,73.69,73.66,73.68,726136
2016-07-11,73.69,73.69,73.66,73.69,581403
2016-07-12,73.68,73.68,73.66,73.66,1158783
2016-07-13,73.66,73.68,73.66,73.68,422789
2016-07-14,73.68,73.69,73.66,73.69,2294229
2016-07-15,73.68,73.69,73.68,73.68,95141
2016-07-18,73.68,73.69,73.68,73.68,171721
2016-07-19,73.68,73.69,73.68,73.69,450615
2016-07-20,73.68,73.69,73.68,73.69,168901
2016-07-21,73.68,73.69,73.68,73.69,119060
2016-07-22,73.68,73.69,73.68,73.69,183575
2016-07-25,73.68,73.69,73.68,73.68,131655
2016-07-26,73.68,73.69,73.68,73.68,181899
2016-07-27,73.69,73.69,73.68,73.69,221168
2016-07-28,73.68,73.69,73.68,73.68,138331
2016-07-29,73.69,73.69,73.68,73.69,92316
2016-08-01,73.68,73.69,73.68,73.68,98733
2016-08-02,73.68,73.69,73.68,73.69,269173
2016-08-03,73.68,73.69,73.68,73.68,755539
2016-08-04,73.68,73.69,73.68,73.68,131910
2016-08-05,73.68,73.69,73.68,73.68,198066
2016-08-08,73.68,73.69,73.68,73.68,165340
2016-08-09,73.69,73.69,73.68,73.68,1154082
2016-08-10,73.68,73.69,73.68,73.68,103068
2016-08-11,73.68,73.69,73.68,73.68,100391
2016-08-12,73.69,73.69,73.68,73.68,104683
2016-08-15,73.68,73.69,73.68,73.68,303886
2016-08-16,73.68,73.69,73.68,73.68,102509
2016-08-17,73.68,73.69,73.68,73.68,350904
2016-08-18,73.68,73.69,73.68,73.69,113193
2016-08-19,73.68,73.69,73.68,73.68,123043
2016-08-22,73.68,73.69,73.68,73.68,1466854
2016-08-23,73.69,73.69,73.68,73.68,125908
2016-08-24,73.68,73.69,73.68,73.69,91533
2016-08-25,73.69,73.69,73.68,73.68,154219
2016-08-26,73.68,73.69,73.68,73.68,186714
2016-08-29,73.69,73.71,73.68,73.69,332152
2016-08-30,73.69,73.71,73.68,73.69,303396
2016-08-31,73.69,73.71,73.68,73.69,202149
2016-09-01,73.69,73.71,73.68,73.69,180152
2016-09-02,73.69,73.71,73.69,73.71,309660
2016-09-06,73.69,73.71,73.69,73.71,378602
2016-09-07,73.71,73.71,73.69,73.69,794289
2016-09-08,73.69,73.71,73.68,73.69,499412
2016-09-09,73.71,73.71,73.69,73.71,347805
2016-09-12,73.71,73.71,73.68,73.68,729471
2016-09-13,73.71,73.71,73.68,73.69,266588
2016-09-14,73.71,73.71,73.69,73.69,207096
2016-09-15,73.69,73.71,73.68,73.69,375351
2016-09-16,73.71,73.71,73.69,73.69,428307
2016-09-19,73.71,73.71,73.69,73.69,1337667
2016-09-20,73.69,73.71,73.69,73.69,758294
2016-09-21,73.69,73.71,73.69,73.69,575918
2016-09-22,73.71,73.71,73.69,73.71,515150
2016-09-23,73.71,73.73,73.69,73.71,369946
2016-09-26,73.69,73.71,73.69,73.71,436908
2016-09-27,73.71,73.71,73.69,73.69,492401
2016-09-28,73.69,73.71,73.69,73.69,501098
2016-09-29,73.69,73.71,73.69,73.69,1063410
2016-09-30,73.69,73.71,73.69,73.71,468994
2016-10-03,73.71,73.71,73.69,73.69,232392
2016-10-04,73.69,73.71,73.69,73.71,392824
2016-10-05,73.69,73.71,73.69,73.71,583174
2016-10-06,73.71,73.71,73.69,73.71,193978
2016-10-07,73.71,73.71,73.69,73.71,140161
2016-10-10,73.71,73.71,73.69,73.71,67033
2016-10-11,73.71,73.71,73.69,73.69,376771
2016-10-12,73.69,73.71,73.69,73.71,430112
2016-10-13,73.71,73.71,73.69,73.69,157519
2016-10-14,73.69,73.71,73.69,73.69,144897
2016-10-17,73.71,73.71,73.69,73.69,239085
2016-10-18,73.69,73.71,73.69,73.69,180455
2016-10-19,73.69,73.71,73.69,73.71,138943
2016-10-20,73.71,73.71,73.69,73.69,294233
2016-10-21,73.69,73.71,73.69,73.69,424136
2016-10-24,73.71,73.71,73.69,73.69,106961
2016-10-25,73.71,73.71,73.69,73.7,177880
2016-10-26,73.69,73.71,73.69,73.71,201834
2016-10-27,73.71,73.71,73.69,73.69,186977
2016-10-28,73.73,73.73,73.69,73.71,546565
2016-10-31,73.71,73.73,73.71,73.73,851676
2016-11-01,73.73,73.73,73.71,73.71,1209598
2016-11-02,73.73,73.73,73.71,73.73,499839
2016-11-03,73.73,73.73,73.71,73.71,217270
2016-11-04,73.71,73.73,73.71,73.73,554190
2016-11-07,73.73,73.73,73.71,73.71,1149831
2016-11-08,73.71,73.73,73.71,73.73,362160
2016-11-09,73.71,73.73,73.69,73.69,626978
2016-11-10,73.69,73.71,73.69,73.69,996309
2016-11-11,73.71,73.71,73.66,73.66,1194490
2016-11-14,73.69,73.71,73.69,73.69,767019
2016-11-15,73.71,73.71,73.69,73.71,1440955
2016-11-16,73.71,73.71,73.69,73.71,611851
2016-11-17,73.71,73.73,73.69,73.73,907095
2016-11-18,73.71,73.73,73.71,73.71,554846
2016-11-21,73.73,73.73,73.69,73.69,238129
2016-11-22,73.71,73.71,73.69,73.69,1119260
2016-11-23,73.69,73.71,73.69,73.69,456339
2016-11-25,73.71,73.71,73.69,73.71,171327
2016-11-28,73.73,73.73,73.69,73.69,123341
2016-11-29,73.71,73.73,73.69,73.69,123091
2016-11-30,73.69,73.71,73.69,73.69,545644
2016-12-01,73.7,73.73,73.7,73.72,2149330
2016-12-02,73.73,73.73,73.71,73.71,412273
2016-12-05,73.73,73.73,73.71,73.71,921939
2016-12-06,73.71,73.73,73.71,73.73,279745
2016-12-07,73.71,73.73,73.71,73.73,432093
2016-12-08,73.71,73.73,73.71,73.73,471398
2016-12-09,73.73,73.73,73.71,73.73,390349
2016-12-12,73.71,73.73,73.71,73.71,213368
2016-12-13,73.7,73.73,73.7,73.73,534448
2016-12-14,73.73,73.73,73.71,73.73,219544
2016-12-15,73.73,73.73,73.71,73.73,222390
2016-12-16,73.73,73.73,73.71,73.71,222886
2016-12-19,73.71,73.73,73.71,73.73,189272
2016-12-20,73.71,73.73,73.71,73.71,308457
2016-12-21,73.73,73.73,73.71,73.73,218937
2016-12-22,73.73,73.73,73.71,73.71,263905
2016-12-23,73.71,73.73,73.71,73.71,246073
2016-12-27,73.71,73.73,73.71,73.73,234890
2016-12-28,73.73,73.73,73.71,73.73,190412
2016-12-29,73.74,73.74,73.71,73.74,286806
2016-12-30,73.73,73.73,73.71,73.71,166510
2017-01-03,73.74,73.74,73.73,73.74,1790263
2017-01-04,73.74,73.74,73.73,73.74,523000
2017-01-05,73.74,73.74,73.73,73.73,655847
2017-01-06,73.74,73.74,73.73,73.74,322376
2017-01-09,73.73,73.74,73.73,73.74,198685
2017-01-10,73.74,73.74,73.73,73.73,143410
2017-01-11,73.73,73.74,73.73,73.74,767500
2017-01-12,73.73,73.74,73.73,73.74,284218
2017-01-13,73.73,73.74,73.73,73.74,159900
2017-01-17,73.73,73.74,73.73,73.74,353714
2017-01-18,73.73,73.74,73.73,73.73,235824
2017-01-19,73.74,73.74,73.73,73.73,191021
2017-01-20,73.73,73.74,73.73,73.74,154025
2017-01-23,73.73,73.74,73.73,73.73,508650
2017-01-24,73.73,73.74,73.73,73.73,598822
2017-01-25,73.73,73.74,73.73,73.74,451398
2017-01-26,73.74,73.76,73.73,73.76,357612
2017-01-27,73.74,73.76,73.73,73.73,238082
2017-01-30,73.73,73.76,73.73,73.76,273160
2017-01-31,73.74,73.76,73.74,73.74,183127
2017-02-01,73.73,73.76,73.73,73.75,266916
2017-02-02,73.73,73.76,73.73,73.75,288820
2017-02-03,73.75,73.76,73.73,73.73,463334
2017-02-06,73.75,73.76,73.73,73.76,208174
2017-02-07,73.76,73.76,73.75,73.76,447323
2017-02-08,73.75,73.76,73.75,73.76,271894
2017-02-09,73.75,73.76,73.75,73.76,336533
2017-02-10,73.76,73.76,73.75,73.75,567334
2017-02-13,73.75,73.76,73.75,73.75,191822
2017-02-14,73.76,73.76,73.75,73.76,125021
2017-02-15,73.76,73.76,73.75,73.75,374835
2017-02-16,73.75,73.76,73.75,73.75,123669
2017-02-17,73.76,73.76,73.75,73.76,155448
2017-02-21,73.75,73.76,73.75,73.75,308746
2017-02-22,73.75,73.76,73.75,73.75,270557
2017-02-23,73.75,73.76,73.75,73.75,402534
2017-02-24,73.76,73.78,73.75,73.75,731642
2017-02-27,73.75,73.78,73.75,73.75,178378
2017-02-28,73.78,73.78,73.76,73.78,183062
2017-03-01,73.75,73.77,73.75,73.75,232319
2017-03-02,73.75,73.77,73.75,73.75,185937
2017-03-03,73.77,73.77,73.75,73.77,336782
2017-03-06,73.75,73.78,73.75,73.78,200149
2017-03-07,73.78,73.78,73.75,73.75,96317
2017-03-08,73.77,73.77,73.75,73.75,183196
2017-03-09,73.75,73.77,73.75,73.75,298907
2017-03-10,73.77,73.77,73.75,73.77,424163
2017-03-13,73.77,73.77,73.75,73.75,322921
2017-03-14,73.75,73.77,73.75,73.75,352273
2017-03-15,73.75,73.77,73.75,73.77,740771
2017-03-16,73.75,73.78,73.75,73.78,299230
2017-03-17,73.75,73.78,73.75,73.78,183466
2017-03-20,73.75,73.78,73.75,73.77,147191
2017-03-21,73.78,73.78,73.75,73.78,650511
2017-03-22,73.75,73.78,73.75,73.78,555773
2017-03-23,73.78,73.78,73.77,73.77,341976
2017-03-24,73.77,73.78,73.77,73.78,186329
2017-03-27,73.75,73.78,73.75,73.78,387064
2017-03-28,73.78,73.78,73.77,73.78,895282
2017-03-29,73.78,73.78,73.77,73.78,84130
2017-03-30,73.78,73.78,73.77,73.78,540934
2017-03-31,73.8,73.8,73.77,73.77,531716
2017-04-03,73.76,73.79,73.76,73.77,2099128
2017-04-04,73.77,73.79,73.77,73.77,714837
2017-04-05,73.79,73.79,73.77,73.77,624701
2017-04-06,73.77,73.79,73.77,73.77,247599
2017-04-07,73.79,73.79,73.77,73.77,129423
2017-04-10,73.81,73.81,73.77,73.77,429459
2017-04-11,73.79,73.79,73.77,73.79,161284
2017-04-12,73.81,73.81,73.77,73.77,271020
2017-04-13,73.77,73.81,73.77,73.79,953658
2017-04-17,73.77,73.81,73.77,73.79,756917
2017-04-18,73.79,73.81,73.79,73.81,100587
2017-04-19,73.79,73.81,73.79,73.81,114678
2017-04-20,73.79,73.81,73.79,73.81,244097
2017-04-21,73.81,73.82,73.81,73.81,252466
2017-04-24,73.81,73.81,73.79,73.79,479645
2017-04-25,73.81,73.81,73.79,73.79,406825
2017-04-26,73.79,73.81,73.79,73.81,355841
2017-04-27,73.8,73.81,73.79,73.79,382698
2017-04-28,73.8,73.82,73.79,73.82,228288
2017-05-01,73.83,73.83,73.8,73.82,390848
2017-05-02,73.8,73.82,73.8,73.8,71184
2017-05-03,73.8,73.82,73.8,73.8,247642
2017-05-04,73.8,73.82,73.8,73.82,163507
2017-05-05,73.8,73.82,73.8,73.8,254285
2017-05-08,73.8,73.83,73.8,73.82,219385
2017-05-09,73.83,73.83,73.82,73.82,494610
2017-05-10,73.83,73.83,73.82,73.83,309655
2017-05-11,73.82,73.85,73.82,73.83,397771
2017-05-12,73.83,73.85,73.82,73.82,129658
2017-05-15,73.83,73.85,73.83,73.83,378601
2017-05-16,73.83,73.85,73.83,73.83,171440
2017-05-17,73.83,73.85,73.83,73.85,1395460
2017-05-18,73.83,73.85,73.83,73.83,1385122
2017-05-19,73.83,73.85,73.83,73.83,107949
2017-05-22,73.83,73.85,73.83,73.85,64931
2017-05-23,73.83,73.85,73.83,73.85,228604
2017-05-24,73.83,73.85,73.83,73.83,311083
2017-05-25,73.83,73.85,73.83,73.85,136335
2017-05-26,73.83,73.87,73.83,73.87,144915
2017-05-30,73.85,73.87,73.83,73.83,190996
2017-05-31,73.85,73.85,73.83,73.84,349955
2017-06-01,73.84,73.86,73.84,73.86,225571
2017-06-02,73.84,73.86,73.84,73.84,418338
2017-06-05,73.84,73.86,73.84,73.86,277077
2017-06-06,73.84,73.86,73.84,73.84,136899
2017-06-07,73.84,73.88,73.84,73.88,258577
2017-06-08,73.88,73.88,73.86,73.86,257618
2017-06-09,73.86,73.88,73.86,73.88,185070
2017-06-12,73.88,73.88,73.86,73.86,200585
2017-06-13,73.86,73.88,73.86,73.88,552625
2017-06-14,73.88,73.89,73.86,73.86,76039
2017-06-15,73.86,73.88,73.86,73.86,380998
2017-06-16,73.86,73.89,73.86,73.89,507881
2017-06-19,73.88,73.89,73.88,73.88,289972
2017-06-20,73.89,73.89,73.88,73.88,121500
2017-06-21,73.89,73.89,73.88,73.89,140718
2017-06-22,73.89,73.91,73.88,73.91,220297
2017-06-23,73.91,73.91,73.89,73.89,67713
2017-06-26,73.88,73.91,73.88,73.88,297958
2017-06-27,73.89,73.89,73.88,73.88,125607
2017-06-28,73.89,73.91,73.88,73.91,180270
2017-06-29,73.88,73.91,73.88,73.89,466294
2017-06-30,73.89,73.93,73.89,73.91,628506
2017-07-03,73.9,73.92,73.9,73.92,186224
2017-07-05,73.92,73.92,73.9,73.9,371252
2017-07-06,73.9,73.92,73.9,73.92,448295
2017-07-07,73.9,73.92,73.9,73.92,142397
2017-07-10,73.9,73.92,73.9,73.92,187212
2017-07-11,73.92,73.92,73.9,73.92,137192
2017-07-12,73.9,73.92,73.9,73.9,403945
2017-07-13,73.92,73.93,73.9,73.9,137713
2017-07-14,73.9,73.93,73.9,73.93,256309
2017-07-17,73.92,73.93,73.92,73.92,590921
2017-07-18,73.92,73.93,73.92,73.92,61367
2017-07-19,73.92,73.93,73.92,73.92,100624
2017-07-20,73.92,73.93,73.92,73.92,73376
2017-07-21,73.92,73.93,73.92,73.92,211367
2017-07-24,73.92,73.93,73.92,73.92,143037
2017-07-25,73.92,73.95,73.92,73.92,267683
2017-07-26,73.93,73.95,73.92,73.93,233182
2017-07-27,73.95,73.95,73.93,73.95,222067
2017-07-28,73.93,73.95,73.93,73.93,160051
2017-07-31,73.97,73.97,73.93,73.93,460037
2017-08-01,73.94,73.95,73.94,73.95,316097
2017-08-02,73.95,73.97,73.94,73.97,266010
2017-08-03,73.94,73.97,73.94,73.97,175638
2017-08-04,73.95,73.97,73.94,73.97,351295
2017-08-07,73.95,73.97,73.94,73.97,131641
2017-08-08,73.97,73.97,73.95,73.97,310253
2017-08-09,73.97,73.97,73.95,73.97,142484
2017-08-10,73.95,73.97,73.95,73.97,111299
2017-08-11,73.97,73.99,73.95,73.99,216721
2017-08-14,73.99,73.99,73.97,73.97,332582
2017-08-15,73.97,73.99,73.97,73.99,197229
2017-08-16,73.99,73.99,73.97,73.97,148380
2017-08-17,73.97,73.99,73.97,73.99,365777
2017-08-18,73.99,73.99,73.97,73.97,232498
2017-08-21,73.99,74.0,73.99,73.99,484321
2017-08-22,73.99,74.0,73.99,74.0,208781
2017-08-23,74.0,74.0,73.99,74.0,292966
2017-08-24,73.99,74.0,73.99,74.0,1059327
2017-08-25,73.99,74.0,73.99,73.99,311418
2017-08-28,74.0,74.0,73.99,74.0,103283
2017-08-29,74.0,74.02,73.99,74.0,130621
2017-08-30,74.0,74.02,74.0,74.0,293544
2017-08-31,74.0,74.02,74.0,74.02,1240467
2017-09-01,74.02,74.02,74.01,74.02,373664
2017-09-05,74.02,74.02,73.99,73.99,497427
2017-09-06,74.01,74.02,74.01,74.02,1063323
2017-09-07,74.02,74.02,74.01,74.02,162002
2017-09-08,74.01,74.02,74.01,74.01,517179
2017-09-11,74.02,74.02,74.01,74.01,132455
2017-09-12,74.01,74.04,74.01,74.03,258116
2017-09-13,74.02,74.04,74.02,74.04,439193
2017-09-14,74.02,74.04,74.02,74.02,240346
2017-09-15,74.04,74.04,74.02,74.02,98442
2017-09-18,74.04,74.05,74.02,74.02,288262
2017-09-19,74.04,74.05,74.02,74.05,62343
2017-09-20,74.05,74.05,74.04,74.05,130754
2017-09-21,74.04,74.05,74.04,74.05,110705
2017-09-22,74.05,74.05,74.04,74.05,135695
2017-09-25,74.05,74.05,74.04,74.05,159163
2017-09-26,74.04,74.05,74.04,74.05,256108
2017-09-27,74.05,74.05,74.04,74.05,230632
2017-09-28,74.04,74.05,74.04,74.04,77720
2017-09-29,74.05,74.07,74.04,74.07,181238
2017-10-02,74.07,74.07,74.06,74.07,159010
2017-10-03,74.06,74.07,74.06,74.07,429713
2017-10-04,74.06,74.07,74.06,74.06,1129448
2017-10-05,74.06,74.07,74.06,74.07,188401
2017-10-06,74.07,74.07,74.06,74.06,206310
2017-10-09,74.06,74.07,74.06,74.06,146252
2017-10-10,74.06,74.07,74.06,74.06,272916
2017-10-11,74.07,74.07,74.06,74.06,159122
2017-10-12,74.07,74.09,74.06,74.09,245664
2017-10-13,74.09,74.09,74.07,74.09,78579
2017-10-16,74.07,74.09,74.07,74.07,205161
2017-10-17,74.07,74.11,74.07,74.09,229305
2017-10-18,74.09,74.11,74.09,74.09,64464
2017-10-19,74.09,74.11,74.07,74.09,200168
2017-10-20,74.09,74.11,74.09,74.11,57844
2017-10-23,74.11,74.11,74.09,74.09,137505
2017-10-24,74.09,74.12,74.09,74.12,160099
2017-10-25,74.11,74.12,74.11,74.12,295063
2017-10-26,74.11,74.12,74.11,74.12,302046
2017-10-27,74.11,74.12,74.11,74.12,1064099
2017-10-30,74.11,74.12,74.11,74.11,297856
2017-10-31,74.11,74.12,74.11,74.12,448238
2017-11-01,74.13,74.13,74.11,74.13,586376
2017-11-02,74.13,74.13,74.11,74.11,137555
2017-11-03,74.11,74.13,74.11,74.11,265866
2017-11-06,74.11,74.13,74.11,74.13,95534
2017-11-07,74.11,74.13,74.11,74.13,91655
2017-11-08,74.13,74.13,74.11,74.13,240287
2017-11-09,74.13,74.13,74.11,74.11,518926
2017-11-10,74.13,74.15,74.11,74.13,278144
2017-11-13,74.15,74.15,74.13,74.13,230374
2017-11-14,74.15,74.15,74.13,74.13,123333
2017-11-15,74.13,74.15,74.13,74.13,278970
2017-11-16,74.13,74.15,74.13,74.15,235317
2017-11-17,74.13,74.15,74.13,74.13,170542
2017-11-20,74.13,74.16,74.13,74.15,374669
2017-11-21,74.15,74.16,74.13,74.16,260405
2017-11-22,74.15,74.16,74.15,74.16,157518
2017-11-24,74.16,74.18,74.15,74.15,577104
2017-11-27,74.15,74.16,74.15,74.15,376470
2017-11-28,74.15,74.18,74.15,74.18,245610
2017-11-29,74.16,74.18,74.15,74.16,380543
2017-11-30,74.18,74.18,74.16,74.16,296664
2017-12-01,74.18,74.18,74.17,74.17,283910
2017-12-04,74.17,74.18,74.17,74.18,143693
2017-12-05,74.18,74.18,74.17,74.17,558877
2017-12-06,74.18,74.18,74.18,74.18,545395
2017-12-07,74.18,74.18,74.18,74.18,146815
2017-12-08,74.18,74.19,74.18,74.18,196548
2017-12-11,74.19,74.19,74.18,74.19,139895
2017-12-12,74.2,74.2,74.18,74.19,186370
2017-12-13,74.19,74.19,74.18,74.19,379221
2017-12-14,74.19,74.2,74.18,74.19,160636
2017-12-15,74.19,74.2,74.19,74.2,391880
2017-12-18,74.19,74.21,74.19,74.2,291516
2017-12-19,74.2,74.21,74.19,74.21,289415
2017-12-20,74.19,74.21,74.19,74.21,615865
2017-12-21,74.2,74.22,74.2,74.21,235152
2017-12-22,74.22,74.23,74.21,74.23,1999917
2017-12-26,74.23,74.23,74.22,74.22,498320
2017-12-27,74.23,74.23,74.22,74.23,320843
2017-12-28,74.23,74.23,74.23,74.23,366172
2017-12-29,74.23,74.24,74.22,74.22,445881
2018-01-02,74.23,74.24,74.23,74.23,791997
2018-01-03,74.24,74.24,74.23,74.24,219847
2018-01-04,74.25,74.25,74.23,74.25,1109693
2018-01-05,74.24,74.25,74.24,74.25,249302
2018-01-08,74.24,74.26,74.24,74.26,200810
2018-01-09,74.24,74.26,74.24,74.26,187227
2018-01-10,74.25,74.26,74.25,74.26,223190
2018-01-11,74.26,74.27,74.25,74.25,165956
2018-01-12,74.27,74.27,74.26,74.27,537067
2018-01-16,74.26,74.27,74.26,74.26,282597
2018-01-17,74.26,74.27,74.26,74.27,242155
2018-01-18,74.27,74.27,74.27,74.27,240102
2018-01-19,74.27,74.28,74.27,74.28,277633
2018-01-22,74.29,74.29,74.28,74.29,287301
2018-01-23,74.29,74.29,74.28,74.29,709527
2018-01-24,74.3,74.3,74.28,74.3,218159
2018-01-25,74.3,74.3,74.29,74.3,497671
2018-01-26,74.3,74.31,74.3,74.31,431412
2018-01-29,74.31,74.31,74.3,74.3,697641
2018-01-30,74.29,74.31,74.29,74.31,585154
2018-01-31,74.31,74.31,74.31,74.31,267940
2018-02-01,74.3,74.32,74.3,74.31,1017400
2018-02-02,74.32,74.32,74.31,74.32,461681
2018-02-05,74.33,74.33,74.31,74.31,774432
2018-02-06,74.3,74.33,74.3,74.32,1559973
2018-02-07,74.31,74.37,74.3,74.33,1296369
2018-02-08,74.31,74.34,74.31,74.32,1548519
2018-02-09,74.31,74.34,74.31,74.34,2932495
2018-02-12,74.34,74.34,74.33,74.34,2041417
2018-02-13,74.32,74.34,74.32,74.34,4355227
2018-02-14,74.33,74.34,74.33,74.34,551232
2018-02-15,74.34,74.34,74.33,74.34,932326
2018-02-16,74.34,74.35,74.34,74.35,921821
2018-02-20,74.34,74.35,74.34,74.35,593055
2018-02-21,74.35,74.35,74.34,74.34,1014997
2018-02-22,74.35,74.36,74.34,74.35,470824
2018-02-23,74.36,74.37,74.35,74.37,2655569
2018-02-26,74.36,74.37,74.35,74.35,2983895
2018-02-27,74.35,74.37,74.35,74.37,379102
2018-02-28,74.37,74.38,74.36,74.38,911205
2018-03-01,74.37,74.38,74.37,74.38,1263786
2018-03-02,74.38,74.39,74.38,74.39,1443053
2018-03-05,74.39,74.39,74.38,74.39,871739
2018-03-06,74.39,74.39,74.38,74.39,236724
2018-03-07,74.38,74.39,74.38,74.39,980586
2018-03-08,74.38,74.39,74.38,74.38,260799
2018-03-09,74.39,74.41,74.39,74.4,598068
2018-03-12,74.41,74.41,74.39,74.41,508383
2018-03-13,74.39,74.41,74.39,74.41,526463
2018-03-14,74.39,74.41,74.39,74.41,247142
2018-03-15,74.41,74.41,74.4,74.4,937647
2018-03-16,74.41,74.42,74.41,74.42,1217920
2018-03-19,74.41,74.42,74.41,74.42,469297
2018-03-20,74.42,74.42,74.41,74.41,446504
2018-03-21,74.42,74.42,74.42,74.42,338754
2018-03-22,74.42,74.43,74.42,74.43,307767
2018-03-23,74.43,74.44,74.43,74.44,634071
2018-03-26,74.43,74.44,74.43,74.43,455547
2018-03-27,74.45,74.45,74.43,74.45,1358718
2018-03-28,74.45,74.46,74.45,74.46,3032625
2018-03-29,74.46,74.47,74.46,74.47,762029
2018-04-02,74.47,74.47,74.45,74.47,1683613
2018-04-03,74.47,74.47,74.46,74.46,1914382
2018-04-04,74.46,74.48,74.46,74.48,3618340
2018-04-05,74.49,74.49,74.48,74.49,2251383
2018-04-06,74.49,74.49,74.48,74.49,316308
2018-04-09,74.49,74.49,74.49,74.49,239610
2018-04-10,74.49,74.49,74.49,74.49,492980
2018-04-11,74.5,74.5,74.49,74.5,250607
2018-04-12,74.49,74.5,74.49,74.5,8107949
2018-04-13,74.5,74.51,74.5,74.5,289149
2018-04-16,74.52,74.52,74.5,74.52,326678
2018-04-17,74.51,74.52,74.51,74.52,3476886
2018-04-18,74.52,74.52,74.51,74.51,283012
2018-04-19,74.53,74.53,74.52,74.53,474883
2018-04-20,74.52,74.53,74.52,74.53,262590
2018-04-23,74.53,74.53,74.53,74.53,1128309
2018-04-24,74.53,74.54,74.53,74.53,1102695
2018-04-25,74.53,74.54,74.53,74.54,1007982
2018-04-26,74.54,74.56,74.54,74.55,1691954
2018-04-27,74.55,74.56,74.55,74.56,296077
2018-04-30,74.56,74.56,74.55,74.55,328565
2018-05-01,74.55,74.56,74.55,74.56,1644546
2018-05-02,74.56,74.56,74.56,74.56,469619
2018-05-03,74.57,74.57,74.56,74.56,3736823
2018-05-04,74.58,74.58,74.57,74.58,1208583
2018-05-07,74.57,74.58,74.57,74.58,371863
2018-05-08,74.58,74.59,74.58,74.59,435392
2018-05-09,74.57,74.59,74.57,74.59,808773
2018-05-10,74.59,74.6,74.59,74.59,4674645
2018-05-11,74.61,74.61,74.59,74.59,376750
2018-05-14,74.59,74.61,74.59,74.59,906885
2018-05-15,74.6,74.61,74.6,74.61,1827202
2018-05-16,74.61,74.61,74.6,74.61,1149387
2018-05-17,74.61,74.61,74.61,74.61,2807000
2018-05-18,74.62,74.62,74.61,74.62,1553143
2018-05-21,74.62,74.63,74.61,74.62,512366
2018-05-22,74.63,74.63,74.62,74.62,587955
2018-05-23,74.64,74.64,74.62,74.63,255050
2018-05-24,74.64,74.65,74.64,74.65,262665
2018-05-25,74.65,74.65,74.65,74.65,488308
2018-05-29,74.65,74.65,74.65,74.65,846372
2018-05-30,74.65,74.65,74.65,74.65,451520
2018-05-31,74.67,74.67,74.65,74.66,911635
2018-06-01,74.67,74.67,74.66,74.67,715065
2018-06-04,74.67,74.68,74.67,74.68,1177539
2018-06-05,74.68,74.68,74.67,74.68,745472
2018-06-06,74.68,74.68,74.67,74.67,595380
2018-06-07,74.68,74.69,74.68,74.68,1634282
2018-06-08,74.69,74.69,74.68,74.69,325977
2018-06-11,74.69,74.7,74.68,74.7,874564
2018-06-12,74.7,74.7,74.69,74.7,1143662
2018-06-13,74.69,74.71,74.69,74.69,250030
2018-06-14,74.71,74.72,74.71,74.72,465817
2018-06-15,74.72,74.72,74.71,74.72,264854
2018-06-18,74.73,74.73,74.71,74.71,1508174
2018-06-19,74.73,74.73,74.72,74.73,208811
2018-06-20,74.73,74.73,74.72,74.72,617896
2018-06-21,74.74,74.74,74.73,74.73,783895
2018-06-22,74.74,74.74,74.73,74.73,296038
2018-06-25,74.75,74.75,74.74,74.75,1073474
2018-06-26,74.74,74.76,74.74,74.74,910101
2018-06-27,74.76,74.76,74.75,74.76,326392
2018-06-28,74.76,74.77,74.76,74.76,469775
2018-06-29,74.77,74.77,74.77,74.77,823034
2018-07-02,74.77,74.78,74.76,74.76,1831811
2018-07-03,74.77,74.78,74.77,74.78,1022483
2018-07-05,74.78,74.79,74.78,74.78,1080647
2018-07-06,74.79,74.8,74.79,74.8,1066468
2018-07-09,74.79,74.8,74.79,74.8,399683
2018-07-10,74.8,74.8,74.79,74.8,469931
2018-07-11,74.8,74.8,74.8,74.8,961832
2018-07-12,74.8,74.82,74.8,74.8,641364
2018-07-13,74.82,74.82,74.81,74.81,629406
2018-07-16,74.82,74.82,74.81,74.82,441347
2018-07-17,74.83,74.83,74.81,74.82,879431
2018-07-18,74.82,74.83,74.82,74.83,445069
2018-07-19,74.83,74.85,74.83,74.84,353988
2018-07-20,74.85,74.85,74.84,74.85,1845252
2018-07-23,74.85,74.85,74.84,74.84,296356
2018-07-24,74.85,74.85,74.85,74.85,452301
2018-07-25,74.85,74.85,74.85,74.85,317591
2018-07-26,74.87,74.87,74.85,74.85,271394
2018-07-27,74.87,74.87,74.86,74.87,462383
2018-07-30,74.88,74.88,74.86,74.86,414866
2018-07-31,74.88,74.88,74.87,74.88,836411
2018-08-01,74.87,74.88,74.87,74.88,1421008
2018-08-02,74.89,74.89,74.88,74.89,704199
2018-08-03,74.89,74.9,74.89,74.89,397616
2018-08-06,74.91,74.91,74.89,74.9,716083
2018-08-07,74.91,74.91,74.89,74.91,661933
2018-08-08,74.91,74.91,74.9,74.9,744874
2018-08-09,74.91,74.91,74.91,74.91,343502
2018-08-10,74.92,74.92,74.91,74.92,288115
2018-08-13,74.93,74.93,74.92,74.93,666482
2018-08-14,74.93,74.93,74.91,74.91,341738
2018-08-15,74.92,74.93,74.92,74.93,539861
2018-08-16,74.94,74.95,74.93,74.93,546242
2018-08-17,74.94,74.95,74.94,74.94,657748
2018-08-20,74.94,74.95,74.94,74.94,602951
2018-08-21,74.96,74.96,74.95,74.95,355354
2018-08-22,74.96,74.96,74.95,74.95,737359
2018-08-23,74.97,74.97,74.96,74.97,1008228
2018-08-24,74.97,74.97,74.96,74.97,234036
2018-08-27,74.97,74.98,74.96,74.98,327750
2018-08-28,74.97,74.98,74.97,74.98,610791
2018-08-29,74.99,74.99,74.97,74.97,911054
2018-08-30,74.99,75.0,74.99,75.0,751379
2018-08-31,75.0,75.0,75.0,75.0,545090
2018-09-04,75.0,75.0,75.0,75.0,980643
2018-09-05,75.0,75.01,75.0,75.0,883751
2018-09-06,75.02,75.02,75.01,75.01,1811468
2018-09-07,75.02,75.03,75.02,75.03,476933
2018-09-10,75.02,75.03,75.02,75.03,596808
2018-09-11,75.02,75.04,75.02,75.04,1584139
2018-09-12,75.03,75.04,75.03,75.04,760459
2018-09-13,75.05,75.05,75.04,75.04,463784
2018-09-14,75.05,75.05,75.04,75.04,1131784
2018-09-17,75.04,75.06,75.04,75.06,641372
2018-09-18,75.06,75.06,75.05,75.06,459221
2018-09-19,75.05,75.06,75.05,75.06,949520
2018-09-20,75.07,75.08,75.07,75.08,450612
2018-09-21,75.07,75.08,75.07,75.08,277647
2018-09-24,75.08,75.09,75.08,75.09,1331794
2018-09-25,75.08,75.09,75.08,75.09,666413
2018-09-26,75.09,75.09,75.09,75.09,258820
2018-09-27,75.1,75.1,75.09,75.1,344417
2018-09-28,75.09,75.1,75.09,75.1,451742
2018-10-01,75.11,75.11,75.1,75.11,3791289
2018-10-02,75.11,75.11,75.11,75.11,586748
2018-10-03,75.11,75.11,75.11,75.11,434491
2018-10-04,75.13,75.13,75.12,75.13,1156031
2018-10-05,75.14,75.14,75.13,75.14,4669094
2018-10-08,75.14,75.14,75.13,75.14,640592
2018-10-09,75.14,75.14,75.13,75.13,508334
2018-10-10,75.15,75.15,75.14,75.15,2093822
2018-10-11,75.16,75.16,75.15,75.16,1692005
2018-10-12,75.16,75.16,75.16,75.16,741965
2018-10-15,75.16,75.16,75.16,75.16,4035008
2018-10-16,75.16,75.17,75.16,75.17,1436283
2018-10-17,75.16,75.17,75.16,75.17,6982129
2018-10-18,75.18,75.18,75.17,75.17,736006
2018-10-19,75.18,75.19,75.18,75.18,693610
2018-10-22,75.18,75.2,75.18,75.2,770052
2018-10-23,75.18,75.2,75.18,75.2,1988077
2018-10-24,75.21,75.21,75.2,75.21,1074452
2018-10-25,75.21,75.22,75.21,75.21,3576877
2018-10-26,75.22,75.22,75.21,75.22,6702345
2018-10-29,75.22,75.22,75.21,75.22,1549223
2018-10-30,75.23,75.23,75.22,75.22,1358769
2018-10-31,75.23,75.23,75.22,75.23,2451353
2018-11-01,75.25,75.25,75.24,75.25,2672040
2018-11-02,75.24,75.25,75.24,75.25,2049512
2018-11-05,75.25,75.25,75.25,75.25,3169945
2018-11-06,75.25,75.25,75.25,75.25,1108499
2018-11-07,75.26,75.26,75.25,75.26,1148232
2018-11-08,75.27,75.29,75.27,75.27,1628707
2018-11-09,75.28,75.29,75.27,75.29,3356738
2018-11-12,75.29,75.29,75.28,75.28,625743
2018-11-13,75.28,75.29,75.28,75.29,803152
2018-11-14,75.29,75.29,75.28,75.28,2468241
2018-11-15,75.3,75.3,75.3,75.3,1532187
2018-11-16,75.31,75.31,75.3,75.31,7862122
2018-11-19,75.31,75.31,75.3,75.3,1807234
2018-11-20,75.32,75.32,75.31,75.32,5428814
2018-11-21,75.35,75.35,75.33,75.34,1689113
2018-11-23,75.34,75.35,75.33,75.34,546387
2018-11-26,75.35,75.35,75.34,75.35,950048
2018-11-27,75.35,75.35,75.34,75.35,710709
2018-11-28,75.35,75.35,75.35,75.35,1465777
2018-11-29,75.36,75.37,75.36,75.36,5727046
2018-11-30,75.38,75.38,75.36,75.37,1884155
2018-12-03,75.37,75.38,75.37,75.37,2418754
2018-12-04,75.38,75.38,75.37,75.38,1615073
2018-12-06,75.39,75.4,75.38,75.39,4613378
2018-12-07,75.4,75.4,75.39,75.4,1933772
2018-12-10,75.41,75.41,75.4,75.41,1487823
2018-12-11,75.41,75.41,75.4,75.4,1737323
2018-12-12,75.42,75.42,75.41,75.42,962138
2018-12-13,75.43,75.43,75.42,75.43,1448496
2018-12-14,75.43,75.43,75.43,75.43,941954
2018-12-17,75.43,75.44,75.43,75.44,3588022
2018-12-18,75.44,75.44,75.43,75.44,2403614
2018-12-19,75.45,75.45,75.43,75.43,2638753
2018-12-20,75.45,75.46,75.45,75.45,2939988
2018-12-21,75.47,75.47,75.46,75.47,2660782
2018-12-24,75.47,75.47,75.47,75.47,2989087
2018-12-26,75.47,75.47,75.47,75.47,2777970
2018-12-27,75.48,75.49,75.48,75.49,3103862
2018-12-28,75.5,75.5,75.49,75.5,1841155
2018-12-31,75.51,75.51,75.49,75.51,3529510
2019-01-02,75.52,75.52,75.5,75.5,15765739
2019-01-03,75.52,75.53,75.52,75.52,3319162
2019-01-04,75.53,75.53,75.52,75.53,5513582
2019-01-07,75.52,75.53,75.52,75.53,2861867
2019-01-08,75.53,75.53,75.52,75.53,1924331
2019-01-09,75.54,75.54,75.53,75.53,1561688
2019-01-10,75.56,75.56,75.54,75.54,1873477
2019-01-11,75.56,75.56,75.55,75.56,1333400
2019-01-14,75.57,75.57,75.55,75.55,1989419
2019-01-15,75.57,75.57,75.56,75.57,1211490
2019-01-16,75.57,75.57,75.57,75.57,1314370
2019-01-17,75.58,75.59,75.58,75.59,837138
2019-01-18,75.59,75.6,75.58,75.59,1960438
2019-01-22,75.59,75.6,75.58,75.6,1936241
2019-01-23,75.61,75.61,75.6,75.6,1647176
2019-01-24,75.62,75.62,75.62,75.62,1204415
2019-01-25,75.62,75.62,75.62,75.62,1903317
2019-01-28,75.63,75.63,75.62,75.62,1294942
2019-01-29,75.62,75.63,75.62,75.62,972704
2019-01-30,75.63,75.64,75.63,75.64,1801983
2019-01-31,75.64,75.66,75.64,75.64,4649569
2019-02-01,75.66,75.66,75.65,75.65,2547964
2019-02-04,75.65,75.66,75.65,75.66,3380205
2019-02-05,75.66,75.66,75.66,75.66,2610204
2019-02-06,75.66,75.67,75.66,75.67,2138291
2019-02-07,75.67,75.68,75.67,75.67,1897746
2019-02-08,75.69,75.69,75.68,75.69,586465
2019-02-11,75.69,75.69,75.68,75.68,1331369
2019-02-12,75.69,75.7,75.69,75.7,987686
2019-02-13,75.7,75.7,75.69,75.7,820996
2019-02-14,75.71,75.72,75.71,75.71,2040548
2019-02-15,75.72,75.72,75.71,75.71,1559375
2019-02-19,75.73,75.73,75.72,75.73,1861125
2019-02-20,75.73,75.73,75.72,75.73,4094458
2019-02-21,75.75,75.75,75.74,75.74,1310995
2019-02-22,75.75,75.76,75.75,75.76,3269618
2019-02-25,75.76,75.76,75.75,75.75,1045522
2019-02-26,75.76,75.76,75.76,75.76,1206629
2019-02-27,75.76,75.76,75.76,75.76,1262146
2019-02-28,75.77,75.78,75.77,75.78,1105607
2019-03-01,75.79,75.79,75.78,75.79,2058237
2019-03-04,75.78,75.79,75.78,75.78,1556806
2019-03-05,75.79,75.8,75.79,75.79,2678968
2019-03-06,75.8,75.8,75.79,75.8,709069
2019-03-07,75.81,75.81,75.8,75.81,1106681
2019-03-08,75.82,75.82,75.81,75.82,1064274
2019-03-11,75.82,75.82,75.81,75.82,861853
2019-03-12,75.83,75.83,75.82,75.83,944358
2019-03-13,75.84,75.84,75.83,75.84,1800891
2019-03-14,75.84,75.85,75.84,75.84,535458
2019-03-15,75.85,75.85,75.84,75.85,1116266
2019-03-18,75.85,75.85,75.85,75.85,1145047
2019-03-19,75.86,75.86,75.85,75.85,3797059
2019-03-20,75.86,75.86,75.85,75.85,1991549
2019-03-21,75.87,75.88,75.87,75.88,1960256
2019-03-22,75.88,75.88,75.87,75.88,2056827
2019-03-25,75.89,75.89,75.88,75.88,1236194
2019-03-26,75.89,75.9,75.89,75.89,666978
2019-03-27,75.89,75.9,75.89,75.9,2274749
2019-03-28,75.91,75.91,75.9,75.91,925753
2019-03-29,75.91,75.92,75.91,75.91,1585744
2019-04-01,75.92,75.93,75.92,75.93,2468325
2019-04-02,75.93,75.93,75.92,75.92,1140653
2019-04-03,75.93,75.93,75.93,75.93,1514891
2019-04-04,75.94,75.95,75.94,75.95,1374545
2019-04-05,75.94,75.95,75.94,75.95,660064
2019-04-08,75.96,75.96,75.95,75.95,1355634
2019-04-09,75.95,75.96,75.95,75.96,1443170
2019-04-10,75.97,75.97,75.96,75.96,2262884
2019-04-11,75.98,75.98,75.98,75.98,676447
2019-04-12,75.98,75.98,75.98,75.98,896311
2019-04-15,75.98,75.99,75.98,75.99,1089339
2019-04-16,75.99,75.99,75.98,75.99,770694
2019-04-17,76.01,76.02,76.01,76.01,691684
2019-04-18,76.02,76.02,76.01,76.02,2977106
2019-04-22,76.02,76.03,76.02,76.02,1173443
2019-04-23,76.02,76.03,76.02,76.02,916574
2019-04-24,76.03,76.03,76.03,76.03,1122467
2019-04-25,76.05,76.05,76.04,76.05,1839483
2019-04-26,76.05,76.05,76.04,76.04,2455180
2019-04-29,76.05,76.06,76.05,76.05,672451
2019-04-30,76.06,76.06,76.05,76.06,1181265
2019-05-01,76.06,76.06,76.05,76.06,1245456
2019-05-02,76.08,76.08,76.07,76.07,858033
2019-05-03,76.08,76.09,76.08,76.08,1484798
2019-05-06,76.09,76.09,76.08,76.09,879970
2019-05-07,76.09,76.09,76.09,76.09,1218937
2019-05-08,76.09,76.09,76.09,76.09,983132
2019-05-09,76.11,76.11,76.1,76.1,2032355
2019-05-10,76.12,76.12,76.11,76.12,967171
2019-05-13,76.12,76.12,76.11,76.11,1953250
2019-05-14,76.13,76.13,76.12,76.12,1100057
2019-05-15,76.13,76.13,76.12,76.13,1064141
2019-05-16,76.14,76.14,76.14,76.14,1683328
2019-05-17,76.15,76.15,76.14,76.14,341957
2019-05-20,76.16,76.16,76.15,76.15,526844
2019-05-21,76.16,76.16,76.15,76.15,676444
2019-05-22,76.17,76.17,76.16,76.17,1221138
2019-05-23,76.18,76.19,76.18,76.19,1210123
2019-05-24,76.19,76.19,76.19,76.19,1339399
2019-05-28,76.19,76.19,76.19,76.19,987619
2019-05-29,76.2,76.2,76.19,76.19,4240194
2019-05-30,76.21,76.22,76.21,76.22,1233442
2019-05-31,76.22,76.22,76.21,76.22,2775965
2019-06-03,76.22,76.22,76.22,76.22,3493414
2019-06-04,76.22,76.23,76.22,76.23,9010717
2019-06-05,76.23,76.23,76.22,76.23,2123098
2019-06-06,76.24,76.26,76.24,76.26,7014125
2019-06-07,76.26,76.26,76.25,76.25,2301784
2019-06-10,76.27,76.27,76.26,76.27,2798728
2019-06-11,76.26,76.27,76.26,76.26,1569328
2019-06-12,76.27,76.27,76.27,76.27,2310642
2019-06-13,76.28,76.29,76.28,76.29,4046216
2019-06-14,76.3,76.3,76.29,76.3,607998
2019-06-17,76.3,76.31,76.3,76.3,3389285
2019-06-18,76.3,76.31,76.3,76.3,3185517
2019-06-19,76.31,76.32,76.31,76.32,530784
2019-06-20,76.32,76.33,76.32,76.32,2532636
2019-06-21,76.32,76.33,76.32,76.32,2022541
2019-06-24,76.33,76.34,76.33,76.33,1227345
2019-06-25,76.34,76.34,76.33,76.33,827303
2019-06-26,76.34,76.35,76.34,76.35,1006694
2019-06-27,76.35,76.36,76.35,76.35,617078
2019-06-28,76.37,76.37,76.36,76.36,1118144
2019-07-01,76.36,76.37,76.35,76.35,4031786
2019-07-02,76.36,76.37,76.36,76.36,5031855
2019-07-03,76.39,76.39,76.38,76.39,1998518
2019-07-05,76.38,76.39,76.38,76.38,1294535
2019-07-08,76.39,76.39,76.38,76.38,3558733
2019-07-09,76.39,76.39,76.38,76.39,1615102
2019-07-10,76.39,76.4,76.39,76.4,1257813
2019-07-11,76.4,76.41,76.4,76.41,1233388
2019-07-12,76.42,76.42,76.41,76.42,794575
2019-07-15,76.42,76.42,76.41,76.42,535922
2019-07-16,76.42,76.43,76.42,76.43,732533
2019-07-17,76.43,76.43,76.42,76.43,651568
2019-07-18,76.44,76.45,76.44,76.45,1234389
2019-07-19,76.45,76.45,76.45,76.45,1511488
2019-07-22,76.45,76.45,76.45,76.45,529368
2019-07-23,76.45,76.45,76.45,76.45,1708830
2019-07-24,76.45,76.46,76.45,76.46,795263
2019-07-25,76.46,76.48,76.46,76.48,1429463
2019-07-26,76.48,76.48,76.47,76.47,1203476
2019-07-29,76.49,76.49,76.48,76.49,878494
2019-07-30,76.48,76.49,76.48,76.49,2296212
2019-07-31,76.5,76.5,76.49,76.5,3363823
2019-08-01,76.51,76.52,76.5,76.52,5661704
2019-08-02,76.51,76.52,76.51,76.52,5524550
2019-08-05,76.52,76.52,76.51,76.51,2309525
2019-08-06,76.52,76.52,76.52,76.52,4955338
2019-08-07,76.52,76.53,76.52,76.53,2370433
2019-08-08,76.54,76.54,76.53,76.54,1287882
2019-08-09,76.53,76.54,76.53,76.53,2545952
2019-08-12,76.54,76.55,76.54,76.55,2293056
2019-08-13,76.54,76.56,76.54,76.56,905042
2019-08-14,76.56,76.57,76.55,76.55,1996564
2019-08-15,76.58,76.58,76.57,76.58,3018430
2019-08-16,76.58,76.58,76.58,76.58,2475545
2019-08-19,76.59,76.59,76.58,76.58,4956473
2019-08-20,76.58,76.58,76.58,76.58,1677213
2019-08-21,76.58,76.59,76.58,76.58,1443148
2019-08-22,76.59,76.6,76.59,76.6,1164965
2019-08-23,76.6,76.6,76.58,76.59,10894511
2019-08-26,76.61,76.61,76.6,76.6,2236760
2019-08-27,76.61,76.61,76.6,76.61,1619290
2019-08-28,76.6,76.61,76.6,76.6,3866378
2019-08-29,76.62,76.63,76.62,76.62,2277398
2019-08-30,76.63,76.63,76.63,76.63,3419221
2019-09-03,76.64,76.64,76.63,76.64,5222010
2019-09-04,76.64,76.64,76.63,76.63,1902467
2019-09-05,76.65,76.65,76.64,76.64,4926068
2019-09-06,76.65,76.66,76.64,76.65,2098946
2019-09-09,76.65,76.66,76.65,76.65,1066576
2019-09-10,76.67,76.67,76.65,76.67,2329682
2019-09-11,76.66,76.67,76.66,76.66,1441948
2019-09-12,76.67,76.68,76.67,76.67,1873086
2019-09-13,76.68,76.68,76.67,76.67,1648259
2019-09-16,76.68,76.69,76.67,76.67,1142238
2019-09-17,76.68,76.69,76.67,76.68,1039095
2019-09-18,76.68,76.7,76.68,76.7,1097136
2019-09-19,76.72,76.72,76.7,76.7,1984655
2019-09-20,76.71,76.71,76.7,76.71,2299412
2019-09-23,76.71,76.72,76.71,76.72,1673391
2019-09-24,76.72,76.72,76.72,76.72,1664083
2019-09-25,76.72,76.72,76.72,76.72,1364906
2019-09-26,76.73,76.74,76.73,76.74,1744558
2019-09-27,76.75,76.75,76.73,76.74,1035460
2019-09-30,76.74,76.75,76.74,76.75,3148955
2019-10-01,76.76,76.76,76.75,76.75,2052119
2019-10-02,76.76,76.76,76.75,76.75,2411333
2019-10-03,76.76,76.77,76.76,76.77,1181809
2019-10-04,76.76,76.77,76.76,76.77,926198
2019-10-07,76.78,76.78,76.77,76.78,691430
2019-10-08,76.78,76.78,76.77,76.78,1228303
2019-10-09,76.79,76.79,76.78,76.78,1714620
2019-10-10,76.81,76.81,76.8,76.8,1410600
2019-10-11,76.81,76.81,76.8,76.81,1447792
2019-10-14,76.8,76.81,76.75,76.8,2721663
2019-10-15,76.8,76.81,76.8,76.81,1846635
2019-10-16,76.81,76.81,76.81,76.81,1622308
2019-10-17,76.81,76.82,76.81,76.82,1353238
2019-10-18,76.81,76.82,76.81,76.82,3144109
2019-10-21,76.83,76.83,76.82,76.83,822717
2019-10-22,76.83,76.83,76.82,76.83,1824558
2019-10-23,76.82,76.83,76.82,76.83,716386
2019-10-24,76.84,76.85,76.84,76.85,738644
2019-10-25,76.84,76.85,76.84,76.85,870928
2019-10-28,76.85,76.85,76.84,76.84,1939728
2019-10-29,76.85,76.86,76.85,76.86,491284
2019-10-30,76.86,76.86,76.85,76.86,1028282
2019-10-31,76.86,76.87,76.86,76.87,1255632
2019-11-01,76.87,76.88,76.87,76.87,5670848
2019-11-04,76.87,76.88,76.87,76.88,2306184
2019-11-05,76.87,76.88,76.87,76.87,1297146
2019-11-06,76.88,76.89,76.88,76.88,1110851
2019-11-07,76.89,76.9,76.89,76.9,1338047
2019-11-08,76.9,76.9,76.89,76.9,731551
2019-11-11,76.9,76.9,76.89,76.9,467759
2019-11-12,76.91,76.91,76.9,76.91,1820660
2019-11-13,76.9,76.91,76.9,76.91,1170860
2019-11-14,76.91,76.91,76.91,76.91,3105940
2019-11-15,76.91,76.91,76.91,76.91,2232059
2019-11-18,76.91,76.92,76.91,76.92,1614825
2019-11-19,76.92,76.92,76.91,76.91,929410
2019-11-20,76.92,76.92,76.91,76.92,2398742
2019-11-21,76.92,76.93,76.92,76.92,986788
2019-11-22,76.93,76.94,76.93,76.93,1204639
2019-11-25,76.93,76.94,76.93,76.93,986070
2019-11-26,76.94,76.95,76.94,76.94,953989
2019-11-27,76.95,76.96,76.95,76.96,777612
2019-11-29,76.95,76.96,76.95,76.96,756200
2019-12-02,76.95,76.96,76.95,76.96,989193
2019-12-03,76.96,76.96,76.95,76.95,2007021
2019-12-04,76.97,76.97,76.96,76.96,1022623
2019-12-05,76.98,76.98,76.97,76.98,909544
2019-12-06,76.97,76.98,76.97,76.98,1180333
2019-12-09,76.98,76.99,76.98,76.99,782815
2019-12-10,76.99,76.99,76.98,76.99,1065815
2019-12-11,76.99,76.99,76.98,76.99,1292660
2019-12-12,77.0,77.0,77.0,77.0,605309
2019-12-13,77.0,77.0,76.99,76.99,772305
2019-12-16,77.0,77.0,77.0,77.0,705886
2019-12-17,77.0,77.01,77.0,77.0,2356146
2019-12-18,77.01,77.01,77.0,77.01,1062451
2019-12-19,77.01,77.02,77.01,77.02,1414398
2019-12-20,77.03,77.03,77.02,77.03,1376238
2019-12-23,77.02,77.03,77.02,77.03,2848104
2019-12-24,77.03,77.03,77.03,77.03,1042955
2019-12-26,77.03,77.04,77.03,77.04,960354
2019-12-27,77.03,77.04,77.03,77.03,1341644
2019-12-30,77.05,77.05,77.04,77.04,1383481
2019-12-31,77.06,77.06,77.04,77.04,1423547
2020-01-02,77.06,77.07,77.05,77.07,3195281
2020-01-03,77.07,77.07,77.06,77.07,857300
2020-01-06,77.07,77.08,77.06,77.06,2565315
2020-01-07,77.07,77.07,77.06,77.06,1271462
2020-01-08,77.07,77.08,77.07,77.08,1288015
2020-01-09,77.08,77.08,77.08,77.08,987000
2020-01-10,77.08,77.08,77.08,77.08,1139635
2020-01-13,77.08,77.08,77.08,77.08,1461613
2020-01-14,77.08,77.09,77.08,77.08,1057619
2020-01-15,77.09,77.09,77.08,77.09,864179
2020-01-16,77.09,77.11,77.09,77.11,1113163
2020-01-17,77.11,77.11,77.1,77.1,1324263
2020-01-21,77.11,77.11,77.1,77.11,3175076
2020-01-22,77.11,77.11,77.1,77.11,1196868
2020-01-23,77.12,77.13,77.12,77.12,895874
2020-01-24,77.13,77.13,77.12,77.12,1244057
2020-01-27,77.12,77.13,77.12,77.13,1524160
2020-01-28,77.13,77.13,77.13,77.13,1708086
2020-01-29,77.13,77.13,77.13,77.13,870552
2020-01-30,77.13,77.14,77.13,77.13,787255
2020-01-31,77.14,77.14,77.13,77.13,1934042
2020-02-03,77.15,77.15,77.14,77.14,1829791
2020-02-04,77.15,77.15,77.14,77.14,1014548
2020-02-05,77.15,77.16,77.14,77.16,1039995
2020-02-06,77.16,77.17,77.16,77.17,1166836
2020-02-07,77.17,77.17,77.16,77.17,875541
2020-02-10,77.17,77.18,77.16,77.16,647008
2020-02-11,77.16,77.17,77.16,77.17,1155897
2020-02-12,77.17,77.18,77.17,77.18,829030
2020-02-13,77.18,77.18,77.18,77.18,1231751
2020-02-14,77.19,77.19,77.18,77.18,1203419
2020-02-18,77.18,77.19,77.18,77.19,900233
2020-02-19,77.19,77.19,77.18,77.19,1502705
2020-02-20,77.2,77.2,77.19,77.19,2335126
2020-02-21,77.2,77.21,77.2,77.21,866665
2020-02-24,77.21,77.21,77.2,77.2,3163416
2020-02-25,77.21,77.21,77.2,77.2,4403205
2020-02-26,77.22,77.22,77.21,77.22,4852834
2020-02-27,77.22,77.23,77.22,77.23,7015227
2020-02-28,77.23,77.23,77.23,77.23,10205130
2020-03-02,77.24,77.26,77.24,77.25,8336991
2020-03-03,77.25,77.28,77.24,77.27,6204338
2020-03-04,77.28,77.3,77.27,77.3,7476317
2020-03-05,77.31,77.32,77.3,77.32,4734834
2020-03-06,77.31,77.33,77.31,77.32,4588232
2020-03-09,77.34,77.38,77.33,77.35,14148721
2020-03-10,77.33,77.37,77.33,77.33,10765937
2020-03-11,77.33,77.37,77.33,77.35,19983924
2020-03-12,77.34,81.2,77.33,77.36,20378120
2020-03-13,77.36,77.38,77.35,77.38,11092340
2020-03-16,77.38,77.39,77.36,77.38,11011454
2020-03-17,77.39,77.39,77.36,77.38,10117346
2020-03-18,77.4,77.42,77.38,77.4,11513639
2020-03-19,77.39,77.4,77.36,77.38,10009821
2020-03-20,77.38,77.41,77.38,77.41,14900661
2020-03-23,77.38,77.39,77.37,77.39,7884833
2020-03-24,77.38,77.39,77.34,77.39,7133656
2020-03-25,77.38,77.39,77.38,77.39,6514988
2020-03-26,77.38,77.39,77.38,77.39,5972846
2020-03-27,77.38,77.39,77.38,77.38,5417827
2020-03-30,77.38,77.38,77.38,77.38,4226836
2020-03-31,77.38,77.38,77.37,77.38,6871942
2020-04-01,77.39,77.39,77.37,77.38,3888558
2020-04-02,77.38,77.39,77.37,77.39,4560291
2020-04-03,77.37,77.38,77.36,77.36,5050294
2020-04-06,77.38,77.38,77.36,77.37,3805289
2020-04-07,77.38,77.38,77.35,77.35,4875142
2020-04-08,77.36,77.37,77.36,77.36,3355369
2020-04-09,77.36,77.37,77.34,77.34,7439715
2020-04-13,77.34,77.37,77.34,77.36,4822472
2020-04-14,77.34,77.37,77.34,77.37,7375724
2020-04-15,77.36,77.37,77.35,77.36,5847690
2020-04-16,77.36,77.37,77.35,77.35,5589569
2020-04-17,77.36,77.37,77.36,77.37,4251807
2020-04-20,77.37,77.37,77.36,77.36,5268283
2020-04-21,77.38,77.38,77.36,77.36,3527285
2020-04-22,77.37,77.37,77.36,77.36,2079113
2020-04-23,77.37,77.37,77.36,77.37,1931907
2020-04-24,77.37,77.37,77.36,77.36,1618424
2020-04-27,77.36,77.37,77.35,77.36,2246790
2020-04-28,77.37,77.37,77.36,77.36,2750600
2020-04-29,77.37,77.37,77.35,77.35,5348982
2020-04-30,77.36,77.37,77.35,77.37,7335165
2020-05-01,77.37,77.37,77.36,77.36,3713409
2020-05-04,77.37,77.37,77.36,77.36,5989702
2020-05-05,77.36,77.37,77.36,77.36,3016623
2020-05-06,77.37,77.37,77.36,77.36,1758323
2020-05-07,77.37,77.37,77.36,77.36,2273587
2020-05-08,77.36,77.37,77.36,77.36,3111824
2020-05-11,77.36,77.36,77.36,77.36,3928172
2020-05-12,77.36,77.36,77.36,77.36,3112882
2020-05-13,77.36,77.36,77.36,77.36,3545117
2020-05-14,77.36,77.37,77.36,77.37,4518639
2020-05-15,77.36,77.36,77.36,77.36,2366517
2020-05-18,77.36,77.36,77.36,77.36,2308358
2020-05-19,77.36,77.36,77.36,77.36,6525153
2020-05-20,77.36,77.36,77.36,77.36,1745920
2020-05-21,77.36,77.36,77.36,77.36,2405855
2020-05-22,77.36,77.36,77.36,77.36,2015891
2020-05-26,77.36,77.36,77.36,77.36,4216656
2020-05-27,77.36,77.36,77.36,77.36,3896212
2020-05-28,77.36,77.36,77.36,77.36,5063521
2020-05-29,77.36,77.36,77.36,77.36,3747507
2020-06-01,77.36,77.36,77.34,77.36,2929599
2020-06-02,77.36,77.36,77.36,77.36,4648629
2020-06-03,77.36,77.36,77.35,77.36,5566926
2020-06-04,77.36,77.36,77.36,77.36,3580187
2020-06-05,77.36,77.36,77.35,77.35,4819308
2020-06-08,77.36,77.36,77.35,77.36,3948725
2020-06-09,77.36,77.36,77.35,77.36,8993457
2020-06-10,77.35,77.36,77.35,77.36,3091681
2020-06-11,77.36,77.36,77.35,77.35,10555289
2020-06-12,77.36,77.36,77.35,77.36,8870393
2020-06-15,77.36,77.36,77.36,77.36,3392788
2020-06-16,77.36,77.36,77.35,77.36,2420615
2020-06-17,77.36,77.36,77.35,77.36,3994604
2020-06-18,77.36,77.36,77.36,77.36,1839476
2020-06-19,77.36,77.36,77.36,77.36,3116948
2020-06-22,77.36,77.36,77.36,77.36,3092812
2020-06-23,77.36,77.36,77.36,77.36,2901405
2020-06-24,77.36,77.36,77.36,77.36,3891823
2020-06-25,77.36,77.36,77.36,77.36,1767737
2020-06-26,77.36,77.36,77.36,77.36,1353386
2020-06-29,77.36,77.36,77.36,77.36,2436621
2020-06-30,77.36,77.36,77.36,77.36,3383461
2020-07-01,77.36,77.36,77.35,77.36,3166606
2020-07-02,77.36,77.36,77.36,77.36,2641757
2020-07-06,77.36,77.36,77.36,77.36,4183129
2020-07-07,77.36,77.36,77.36,77.36,2108734
2020-07-08,77.36,77.36,77.36,77.36,4504120
2020-07-09,77.36,77.36,77.36,77.36,1517759
2020-07-10,77.36,77.36,77.36,77.36,1320402
2020-07-13,77.36,77.36,77.36,77.36,2142479
2020-07-14,77.36,77.36,77.36,77.36,1345630
2020-07-15,77.36,77.36,77.36,77.36,2798989
2020-07-16,77.36,77.36,77.35,77.36,2399843
2020-07-17,77.36,77.36,77.36,77.36,2552930
2020-07-20,77.36,77.36,77.36,77.36,1277306
2020-07-21,77.36,77.36,77.36,77.36,1883863
2020-07-22,77.36,77.36,77.36,77.36,1490658
2020-07-23,77.36,77.36,77.36,77.36,1123669
2020-07-24,77.36,77.36,77.36,77.36,1013830
2020-07-27,77.36,77.36,77.36,77.36,1416364
2020-07-28,77.36,77.36,77.36,77.36,2016398
2020-07-29,77.36,77.36,77.36,77.36,1434849
2020-07-30,77.36,77.36,77.36,77.36,2413605
2020-07-31,77.36,77.36,77.36,77.36,1105994
2020-08-03,77.36,77.37,77.36,77.36,1590542
2020-08-04,77.36,77.36,77.36,77.36,1655870
2020-08-05,77.36,77.36,77.36,77.36,2028546
2020-08-06,77.36,77.36,77.36,77.36,1593056
2020-08-07,77.36,77.36,77.36,77.36,2149582
2020-08-10,77.36,77.36,77.36,77.36,894376
2020-08-11,77.36,77.36,77.36,77.36,1738731
2020-08-12,77.36,77.36,77.36,77.36,2886615
2020-08-13,77.36,77.36,77.36,77.36,2356881
2020-08-14,77.36,77.36,77.36,77.36,1210390
2020-08-17,77.36,77.37,77.36,77.36,2390246
2020-08-18,77.36,77.36,77.36,77.36,3541110
2020-08-19,77.36,77.36,77.36,77.36,1903205
2020-08-20,77.36,77.36,77.36,77.36,1103538
2020-08-21,77.36,77.36,77.36,77.36,1880900
2020-08-24,77.36,77.36,77.36,77.36,1284785
2020-08-25,77.36,77.36,77.36,77.36,1322047
2020-08-26,77.36,77.36,77.36,77.36,1068358
2020-08-27,77.36,77.36,77.36,77.36,1314512
2020-08-28,77.36,77.36,77.36,77.36,1029762
2020-08-31,77.36,77.36,77.36,77.36,1487258
2020-09-01,77.36,77.36,77.35,77.36,1095216
2020-09-02,77.36,77.36,77.36,77.36,1557621
2020-09-03,77.36,77.36,77.36,77.36,2057977
2020-09-04,77.36,77.36,77.36,77.36,1953858
2020-09-08,77.36,77.36,77.35,77.36,3770623
2020-09-09,77.36,77.36,77.36,77.36,2275088
2020-09-10,77.36,77.36,77.36,77.36,1675748
2020-09-11,77.36,77.36,77.35,77.35,1216981
2020-09-14,77.36,77.36,77.35,77.36,2110587
2020-09-15,77.36,77.36,77.35,77.35,1516677
2020-09-16,77.35,77.36,77.35,77.36,1257075
2020-09-17,77.36,77.36,77.35,77.36,2406644
2020-09-18,77.36,77.36,77.35,77.35,847059
2020-09-21,77.35,77.36,77.35,77.35,1631996
2020-09-22,77.36,77.36,77.35,77.35,1581089
2020-09-23,77.36,77.36,77.35,77.35,2540175
2020-09-24,77.36,77.36,77.36,77.36,2326326
2020-09-25,77.36,77.36,77.35,77.35,1985543
2020-09-28,77.36,77.36,77.35,77.36,4097425
2020-09-29,77.35,77.36,77.35,77.36,2005188
2020-09-30,77.36,77.36,77.35,77.35,2992556
2020-10-01,77.35,77.36,77.34,77.35,1031132
2020-10-02,77.36,77.36,77.35,77.35,2063046
2020-10-05,77.36,77.36,77.35,77.35,1350012
2020-10-06,77.35,77.36,77.35,77.36,2461791
2020-10-07,77.35,77.36,77.35,77.35,969196
2020-10-08,77.35,77.36,77.35,77.35,842824
2020-10-09,77.35,77.36,77.35,77.35,977515
2020-10-12,77.35,77.36,77.35,77.36,2249028
2020-10-13,77.36,77.36,77.35,77.35,1905850
2020-10-14,77.35,77.36,77.35,77.35,1737182
2020-10-15,77.36,77.36,77.35,77.35,1225568
2020-10-16,77.36,77.36,77.35,77.36,1523328
2020-10-19,77.36,77.36,77.35,77.36,790599
2020-10-20,77.35,77.36,77.35,77.35,1489494
2020-10-21,77.35,77.36,77.35,77.35,1068498
2020-10-22,77.35,77.36,77.35,77.36,1010037
2020-10-23,77.36,77.36,77.35,77.36,1011352
2020-10-26,77.35,77.36,77.35,77.36,3163273
2020-10-27,77.35,77.36,77.35,77.35,1080484
2020-10-28,77.36,77.36,77.35,77.35,2158668
2020-10-29,77.35,77.36,77.35,77.36,2699252
2020-10-30,77.36,77.36,77.35,77.36,2500647
2020-11-02,77.35,77.36,77.35,77.36,1381943
2020-11-03,77.35,77.36,77.35,77.36,950213
2020-11-04,77.36,77.36,77.35,77.35,2469070
2020-11-05,77.35,77.36,77.35,77.36,2171818
2020-11-06,77.36,77.36,77.35,77.35,1640759
2020-11-09,77.36,77.36,77.35,77.36,3215001
2020-11-10,77.35,77.36,77.35,77.35,2776553
2020-11-11,77.35,77.36,77.35,77.35,967242
2020-11-12,77.36,77.36,77.35,77.35,1127823
2020-11-13,77.35,77.36,77.35,77.36,1039517
2020-11-16,77.35,77.36,77.35,77.36,1099524
2020-11-17,77.35,77.36,77.35,77.36,1679297
2020-11-18,77.36,77.36,77.35,77.36,2628673
2020-11-19,77.36,77.36,77.35,77.36,1111834
2020-11-20,77.35,77.36,77.35,77.36,905552
2020-11-23,77.36,77.36,77.35,77.36,1082649
2020-11-24,77.35,77.36,77.35,77.36,2149027
2020-11-25,77.35,77.36,77.35,77.35,994920
2020-11-27,77.35,77.36,77.35,77.36,528120
2020-11-30,77.35,77.36,77.35,77.35,1227201
2020-12-01,77.34,77.36,77.34,77.34,2897080
2020-12-02,77.34,77.36,77.34,77.35,3469388
2020-12-03,77.35,77.36,77.35,77.35,1384474
2020-12-04,77.35,77.36,77.35,77.36,1308608
2020-12-07,77.35,77.36,77.34,77.34,1722055
2020-12-08,77.35,77.36,77.34,77.34,2137565
2020-12-09,77.35,77.35,77.34,77.34,2421701
2020-12-10,77.35,77.35,77.34,77.34,805875
2020-12-11,77.34,77.35,77.34,77.35,818587
2020-12-14,77.34,77.35,77.34,77.34,1272011
2020-12-15,77.34,77.35,77.34,77.34,1237170
2020-12-16,77.34,77.35,77.34,77.35,1051843
2020-12-17,77.34,77.35,77.34,77.35,1054312
2020-12-18,77.35,77.35,77.34,77.35,1044652
2020-12-21,77.34,77.35,77.34,77.35,1354007
2020-12-22,77.35,77.35,77.34,77.35,1146630
2020-12-23,77.34,77.35,77.34,77.34,1070713
2020-12-24,77.35,77.35,77.34,77.35,591599
2020-12-28,77.34,77.35,77.34,77.35,796765
2020-12-29,77.35,77.35,77.34,77.35,1594193
2020-12-30,77.34,77.35,77.34,77.34,1223944
2020-12-31,77.34,77.35,77.34,77.35,1345573
2021-01-04,77.35,77.35,77.34,77.35,1616757
2021-01-05,77.34,77.35,77.34,77.34,950962
2021-01-06,77.35,77.35,77.34,77.35,1738349
2021-01-07,77.34,77.35,77.34,77.35,1261727
2021-01-08,77.34,77.35,77.34,77.34,1768121
2021-01-11,77.34,77.35,77.34,77.35,1134677
2021-01-12,77.35,77.35,77.34,77.34,4159090
2021-01-13,77.34,77.35,77.34,77.34,3270683
2021-01-14,77.34,77.35,77.34,77.35,2064004
2021-01-15,77.34,77.35,77.34,77.35,2274271
2021-01-19,77.34,77.35,77.34,77.35,1993806
2021-01-20,77.34,77.35,77.34,77.35,678437
2021-01-21,77.35,77.35,77.34,77.35,868876
2021-01-22,77.34,77.35,77.34,77.34,781282
2021-01-25,77.34,77.35,77.34,77.35,925620
2021-01-26,77.34,77.35,77.34,77.34,1930571
2021-01-27,77.35,77.35,77.34,77.34,1682758
2021-01-28,77.34,77.35,77.34,77.35,2005363
2021-01-29,77.34,77.35,77.34,77.35,3774360
2021-02-01,77.35,77.36,77.34,77.35,1576398
2021-02-02,77.34,77.35,77.34,77.34,1178038
2021-02-03,77.35,77.35,77.34,77.34,1226658
2021-02-04,77.34,77.35,77.34,77.35,1004373
2021-02-05,77.35,77.35,77.34,77.35,741102
2021-02-08,77.34,77.35,77.34,77.35,1509277
2021-02-09,77.34,77.35,77.34,77.35,1272526
2021-02-10,77.35,77.35,77.34,77.34,1431425
2021-02-11,77.34,77.35,77.34,77.35,726723
2021-02-12,77.34,77.35,77.34,77.34,901981
2021-02-16,77.34,77.35,77.34,77.35,1056688
2021-02-17,77.34,77.35,77.34,77.35,817793
2021-02-18,77.34,77.35,77.34,77.34,1408211
2021-02-19,77.34,77.35,77.34,77.35,819417
2021-02-22,77.34,77.35,77.34,77.34,1285807
2021-02-23,77.34,77.35,77.34,77.34,1171220
2021-02-24,77.34,77.34,77.33,77.33,876557
2021-02-25,77.33,77.34,77.33,77.34,1372846
2021-02-26,77.34,77.34,77.33,77.34,1974038
2021-03-01,77.34,77.34,77.33,77.33,1290160
2021-03-02,77.34,77.34,77.33,77.33,1668937
2021-03-03,77.33,77.34,77.33,77.34,1816818
2021-03-04,77.34,77.34,77.33,77.34,1517361
2021-03-05,77.33,77.34,77.33,77.34,1251508
2021-03-08,77.33,77.34,77.33,77.33,1076487
2021-03-09,77.33,77.34,77.33,77.33,1520045
2021-03-10,77.33,77.34,77.33,77.33,1111909
2021-03-11,77.33,77.34,77.33,77.34,660329
2021-03-12,77.33,77.34,77.33,77.33,744109
2021-03-15,77.33,77.34,77.33,77.33,977430
2021-03-16,77.33,77.34,77.33,77.33,1160830
2021-03-17,77.33,77.34,77.33,77.34,1045522
2021-03-18,77.33,77.34,77.33,77.33,957053
2021-03-19,77.34,77.34,77.33,77.33,704811
2021-03-22,77.33,77.34,77.33,77.33,677376
2021-03-23,77.34,77.34,77.33,77.34,2706641
2021-03-24,77.33,77.34,77.33,77.33,518025
2021-03-25,77.33,77.34,77.33,77.33,1224686
2021-03-26,77.33,77.34,77.33,77.33,797605
2021-03-29,77.33,77.34,77.33,77.33,938075
2021-03-30,77.33,77.34,77.33,77.34,610885
2021-03-31,77.33,77.34,77.33,77.33,889432
2021-04-01,77.34,77.34,77.32,77.34,2292612
2021-04-05,77.33,77.33,77.32,77.33,1016740
2021-04-06,77.32,77.33,77.32,77.32,676395
2021-04-07,77.33,77.33,77.32,77.32,1045833
2021-04-08,77.32,77.33,77.32,77.33,2914360
2021-04-09,77.32,77.33,77.32,77.32,736846
2021-04-12,77.32,77.33,77.32,77.32,866896
2021-04-13,77.33,77.33,77.32,77.32,2840834
2021-04-14,77.32,77.33,77.32,77.32,645218
2021-04-15,77.33,77.33,77.32,77.33,794054
2021-04-16,77.32,77.33,77.32,77.33,2055242
2021-04-19,77.32,77.33,77.32,77.32,754266
2021-04-20,77.32,77.33,77.32,77.32,1548574
2021-04-21,77.32,77.33,77.32,77.32,984803
2021-04-22,77.32,77.33,77.32,77.33,1252338
2021-04-23,77.33,77.33,77.32,77.33,510546
2021-04-26,77.32,77.33,77.32,77.32,1062092
2021-04-27,77.32,77.33,77.32,77.33,793424
2021-04-28,77.32,77.33,77.32,77.32,1002993
2021-04-29,77.32,77.33,77.32,77.32,914431
2021-04-30,77.32,77.33,77.32,77.33,1068353
2021-05-03,77.32,77.33,77.32,77.33,1183740
2021-05-04,77.32,77.33,77.32,77.32,2262780
2021-05-05,77.32,77.33,77.32,77.33,790625
2021-05-06,77.32,77.33,77.32,77.33,1066557
2021-05-07,77.32,77.32,77.32,77.32,1856449
2021-05-10,77.32,77.32,77.32,77.32,730488
2021-05-11,77.32,77.32,77.32,77.32,1188538
2021-05-12,77.32,77.32,77.32,77.32,921257
2021-05-13,77.32,77.33,77.32,77.32,5955682
2021-05-14,77.32,77.32,77.32,77.32,1673737
2021-05-17,77.32,77.32,77.32,77.32,895713
2021-05-18,77.32,77.32,77.32,77.32,1072303
2021-05-19,77.32,77.32,77.32,77.32,1750953
2021-05-20,77.32,77.32,77.32,77.32,867299
2021-05-21,77.32,77.32,77.32,77.32,873052
2021-05-24,77.32,77.32,77.32,77.32,1043274
2021-05-25,77.32,77.32,77.32,77.32,703362
2021-05-26,77.32,77.32,77.32,77.32,1016096
2021-05-27,77.32,77.32,77.32,77.32,691099
2021-05-28,77.32,77.32,77.32,77.32,960505
2021-06-01,77.32,77.32,77.32,77.32,1147809
2021-06-02,77.32,77.32,77.32,77.32,1843325
2021-06-03,77.32,77.32,77.32,77.32,525058
2021-06-04,77.32,77.32,77.32,77.32,1043419
2021-06-07,77.32,77.32,77.31,77.31,995927
2021-06-08,77.31,77.32,77.31,77.31,838066
2021-06-09,77.32,77.32,77.31,77.31,1141546
2021-06-10,77.31,77.32,77.31,77.31,914832
2021-06-11,77.31,77.32,77.31,77.32,824764
2021-06-14,77.31,77.32,77.31,77.31,446730
2021-06-15,77.31,77.32,77.31,77.31,1019828
2021-06-16,77.31,77.32,77.31,77.32,585076
2021-06-17,77.32,77.32,77.31,77.31,1473763
2021-06-18,77.31,77.32,77.31,77.32,895928
2021-06-21,77.32,77.32,77.31,77.31,851837
2021-06-22,77.31,77.32,77.31,77.31,395085
2021-06-23,77.31,77.32,77.31,77.31,670276
2021-06-24,77.31,77.32,77.31,77.32,933837
2021-06-25,77.31,77.32,77.31,77.32,1258515
2021-06-28,77.32,77.32,77.31,77.31,611208
2021-06-29,77.31,77.32,77.31,77.31,892975
2021-06-30,77.32,77.32,77.31,77.31,578146
2021-07-01,77.31,77.32,77.31,77.32,597266
2021-07-02,77.31,77.31,77.3,77.31,635022
2021-07-06,77.3,77.31,77.3,77.3,668679
2021-07-07,77.3,77.31,77.3,77.3,890152
2021-07-08,77.3,77.31,77.3,77.31,955138
2021-07-09,77.31,77.31,77.3,77.31,723762
2021-07-12,77.3,77.31,77.3,77.31,747272
2021-07-13,77.3,77.31,77.3,77.31,1053394
2021-07-14,77.3,77.31,77.3,77.3,589980
2021-07-15,77.3,77.31,77.3,77.31,1001409
2021-07-16,77.3,77.31,77.3,77.31,633342
2021-07-19,77.3,77.31,77.3,77.3,2756776
2021-07-20,77.3,77.31,77.3,77.3,1733672
2021-07-21,77.3,77.31,77.3,77.3,1130883
2021-07-22,77.3,77.31,77.3,77.31,683730
2021-07-23,77.3,77.31,77.3,77.3,1082866
2021-07-26,77.3,77.31,77.3,77.31,740330
2021-07-27,77.31,77.31,77.3,77.3,882364
2021-07-28,77.3,77.31,77.3,77.3,1349064
2021-07-29,77.3,77.31,77.3,77.31,908558
2021-07-30,77.3,77.31,77.3,77.3,413525
2021-08-02,77.3,77.31,77.3,77.3,599820
2021-08-03,77.3,77.31,77.3,77.3,760717
2021-08-04,77.3,77.31,77.3,77.3,1089573
2021-08-05,77.3,77.31,77.3,77.3,489824
2021-08-06,77.3,77.31,77.3,77.31,701524
2021-08-09,77.3,77.31,77.3,77.31,1646835
2021-08-10,77.31,77.31,77.3,77.3,966201
2021-08-11,77.3,77.31,77.3,77.3,1093310
2021-08-12,77.3,77.31,77.3,77.3,621043
2021-08-13,77.31,77.31,77.3,77.31,1129863
2021-08-16,77.3,77.31,77.29,77.29,1694782
2021-08-17,77.31,77.31,77.29,77.29,1744932
2021-08-18,77.29,77.31,77.29,77.29,938565
2021-08-19,77.29,77.31,77.29,77.31,1842534
2021-08-20,77.3,77.31,77.29,77.31,801548
2021-08-23,77.3,77.3,77.29,77.29,484735
2021-08-24,77.29,77.3,77.29,77.29,852454
2021-08-25,77.29,77.3,77.29,77.29,567773
2021-08-26,77.3,77.3,77.29,77.3,826831
2021-08-27,77.3,77.3,77.29,77.3,484427
2021-08-30,77.3,77.3,77.29,77.3,633865
2021-08-31,77.29,77.3,77.29,77.29,1092271
2021-09-01,77.3,77.3,77.29,77.29,1076935
2021-09-02,77.29,77.31,77.29,77.31,775073
2021-09-03,77.3,77.3,77.29,77.29,500319
2021-09-07,77.3,77.3,77.29,77.29,1604021
2021-09-08,77.29,77.3,77.29,77.29,1073672
2021-09-09,77.29,77.3,77.29,77.29,735522
2021-09-10,77.29,77.3,77.29,77.3,525183
2021-09-13,77.29,77.3,77.29,77.3,5169028
2021-09-14,77.3,77.3,77.29,77.29,4538332
2021-09-15,77.29,77.3,77.29,77.29,1465480
2021-09-16,77.3,77.3,77.29,77.3,1333725
2021-09-17,77.29,77.3,77.29,77.29,815373
2021-09-20,77.29,77.3,77.29,77.3,1212437
2021-09-21,77.29,77.3,77.29,77.29,1462343
2021-09-22,77.29,77.3,77.29,77.29,1072145
2021-09-23,77.29,77.3,77.29,77.3,1109994
2021-09-24,77.3,77.3,77.29,77.29,1912114
2021-09-27,77.3,77.3,77.28,77.29,2607557
2021-09-28,77.3,77.3,77.28,77.29,983634
2021-09-29,77.29,77.3,77.29,77.3,802974
2021-09-30,77.29,77.3,77.29,77.3,792773
2021-10-01,77.3,77.3,77.28,77.3,1487698
2021-10-04,77.29,77.29,77.28,77.28,761781
2021-10-05,77.28,77.29,77.28,77.29,569096
2021-10-06,77.28,77.29,77.28,77.29,1394867
2021-10-07,77.28,77.29,77.28,77.29,789341
2021-10-08,77.29,77.29,77.28,77.29,516243
2021-10-11,77.28,77.29,77.28,77.29,625356
2021-10-12,77.28,77.29,77.28,77.29,667084
2021-10-13,77.28,77.29,77.28,77.29,1024007
2021-10-14,77.29,77.29,77.28,77.28,638605
2021-10-15,77.28,77.29,77.28,77.29,840844
2021-10-18,77.28,77.29,77.28,77.28,650096
2021-10-19,77.28,77.29,77.28,77.28,597693
2021-10-20,77.29,77.29,77.28,77.28,2301451
2021-10-21,77.28,77.29,77.28,77.28,742786
2021-10-22,77.28,77.29,77.27,77.28,729471
2021-10-25,77.29,77.29,77.28,77.29,677438
2021-10-26,77.28,77.29,77.27,77.27,1115118
2021-10-27,77.28,77.29,77.27,77.27,851291
2021-10-28,77.28,77.29,77.28,77.29,708865
2021-10-29,77.28,77.29,77.27,77.29,938462
2021-11-01,77.28,77.29,77.28,77.29,1131712
2021-11-02,77.28,77.29,77.27,77.27,711939
2021-11-03,77.28,77.28,77.27,77.27,1200416
2021-11-04,77.28,77.29,77.27,77.28,856521
2021-11-05,77.28,77.28,77.27,77.28,899230
2021-11-08,77.28,77.29,77.27,77.29,1396341
2021-11-09,77.28,77.28,77.27,77.27,1055758
2021-11-10,77.28,77.29,77.27,77.27,1284047
2021-11-11,77.28,77.28,77.27,77.28,795107
2021-11-12,77.27,77.28,77.27,77.28,614358
2021-11-15,77.28,77.28,77.27,77.28,684840
2021-11-16,77.28,77.28,77.27,77.27,1154121
2021-11-17,77.27,77.28,77.27,77.27,1203540
2021-11-18,77.27,77.28,77.27,77.28,885818
2021-11-19,77.28,77.28,77.27,77.28,1485083
2021-11-22,77.27,77.28,77.27,77.28,838881
2021-11-23,77.27,77.28,77.27,77.27,787319
2021-11-24,77.27,77.28,77.27,77.28,781669
2021-11-26,77.27,77.28,77.27,77.27,763926
2021-11-29,77.27,77.28,77.27,77.28,1078458
2021-11-30,77.28,77.28,77.27,77.27,2677356
2021-12-01,77.28,77.28,77.27,77.28,2066211
2021-12-02,77.28,77.28,77.27,77.28,1627555
2021-12-03,77.28,77.28,77.27,77.27,768459
2021-12-06,77.28,77.28,77.27,77.27,809468
2021-12-07,77.28,77.28,77.27,77.27,691083
2021-12-08,77.27,77.28,77.27,77.28,1536765
2021-12-09,77.27,77.28,77.27,77.27,1130166
2021-12-10,77.28,77.28,77.27,77.28,978749
2021-12-13,77.27,77.28,77.27,77.28,489484
2021-12-14,77.28,77.28,77.27,77.28,838841
2021-12-15,77.27,77.28,77.27,77.28,1759289
2021-12-16,77.27,77.28,77.27,77.27,870851
2021-12-17,77.28,77.28,77.27,77.28,1069956
2021-12-20,77.27,77.28,77.27,77.27,2241001
2021-12-21,77.27,77.28,77.27,77.27,2655436
2021-12-22,77.27,77.28,77.27,77.27,1089953
2021-12-23,77.27,77.27,77.27,77.27,613821
2021-12-27,77.27,77.27,77.27,77.27,792102
2021-12-28,77.27,77.27,77.27,77.27,1982403
2021-12-29,77.27,77.27,77.27,77.27,1297127
2021-12-30,77.27,77.27,77.27,77.27,851556
2021-12-31,77.27,77.27,77.27,77.27,914825
2022-01-03,77.27,77.27,77.27,77.27,1820561
2022-01-04,77.27,77.27,77.27,77.27,2650131
2022-01-05,77.27,77.27,77.27,77.27,1848106
2022-01-06,77.27,77.27,77.27,77.27,1088996
2022-01-07,77.27,77.27,77.27,77.27,820502
2022-01-10,77.27,77.27,77.27,77.27,1904622
2022-01-11,77.27,77.27,77.26,77.26,1929056
2022-01-12,77.27,77.27,77.27,77.27,992437
2022-01-13,77.27,77.27,77.27,77.27,1066410
2022-01-14,77.27,77.27,77.27,77.27,587967
2022-01-18,77.27,77.27,77.26,77.26,3182172
2022-01-19,77.27,77.27,77.27,77.27,2105248
2022-01-20,77.27,77.27,77.27,77.27,1760552
2022-01-21,77.27,77.27,77.26,77.27,2951324
2022-01-24,77.26,77.27,77.26,77.27,4908854
2022-01-25,77.27,77.27,77.26,77.26,4795801
2022-01-26,77.26,77.27,77.26,77.27,3731264
2022-01-27,77.26,77.27,77.26,77.27,6317289
2022-01-28,77.27,77.27,77.26,77.26,4948547
2022-01-31,77.27,77.28,77.26,77.27,26427056
2022-02-01,77.26,77.27,77.26,77.27,6519182
2022-02-02,77.27,77.27,77.27,77.27,2140232
2022-02-03,77.27,77.27,77.26,77.27,2387175
2022-02-04,77.27,77.27,77.26,77.26,6742092
2022-02-07,77.27,77.27,77.26,77.26,1692738
2022-02-08,77.27,77.27,77.26,77.27,24208933
2022-02-09,77.26,77.27,77.26,77.26,4415496
2022-02-10,77.26,77.27,77.25,77.26,6138255
2022-02-11,77.26,77.27,77.25,77.26,3172323
2022-02-14,77.26,77.27,77.25,77.25,1894375
2022-02-15,77.26,77.27,77.26,77.27,956427
2022-02-16,77.27,77.27,77.26,77.27,1077469
2022-02-17,77.27,77.27,77.26,77.26,2334567
2022-02-18,77.27,77.27,77.26,77.27,1507294
2022-02-22,77.26,77.27,77.26,77.27,2188480
2022-02-23,77.26,77.27,77.26,77.26,11557917
2022-02-24,77.27,77.27,77.26,77.26,8572319
2022-02-25,77.27,77.27,77.26,77.26,1961495
2022-02-28,77.27,77.27,77.26,77.26,1814619
2022-03-01,77.27,77.27,77.26,77.26,4443957
2022-03-02,77.27,77.27,77.26,77.26,2344629
2022-03-03,77.27,77.27,77.26,77.27,2283527
2022-03-04,77.26,77.27,77.26,77.27,1250963
2022-03-07,77.25,77.27,77.25,77.27,15949299
2022-03-08,77.27,77.27,77.26,77.27,7753026
2022-03-09,77.27,77.27,77.26,77.27,2610513
2022-03-10,77.27,77.27,77.26,77.27,2361619
2022-03-11,77.27,77.27,77.26,77.26,852250
2022-03-14,77.26,77.27,77.26,77.27,5013748
2022-03-15,77.27,77.27,77.25,77.25,6347733
2022-03-16,77.26,77.27,77.25,77.27,1786945
2022-03-17,77.26,77.27,77.26,77.27,5472499
2022-03-18,77.27,77.27,77.26,77.26,3152053
2022-03-21,77.26,77.27,77.26,77.26,3981732
2022-03-22,77.27,77.27,77.26,77.26,3564619
2022-03-23,77.26,77.27,77.26,77.27,2211115
2022-03-24,77.27,77.27,77.27,77.27,1749551
2022-03-25,77.27,77.27,77.26,77.26,2873492
2022-03-28,77.27,77.27,77.26,77.26,3179095
2022-03-29,77.27,77.27,77.26,77.26,4389753
2022-03-30,77.26,77.27,77.26,77.27,5638485
2022-03-31,77.27,77.27,77.27,77.27,4940550
2022-04-01,77.27,77.27,77.26,77.27,2333442
2022-04-04,77.26,77.27,77.26,77.27,2497986
2022-04-05,77.26,77.27,77.26,77.26,2169183
2022-04-06,77.27,77.27,77.26,77.27,2713728
2022-04-07,77.26,77.27,77.26,77.27,2655555
2022-04-08,77.26,77.27,77.26,77.26,4747536
2022-04-11,77.27,77.27,77.26,77.27,3631101
2022-04-12,77.26,77.27,77.26,77.27,5800136
2022-04-13,77.26,77.27,77.26,77.27,3772645
2022-04-14,77.26,77.27,77.26,77.26,1634167
2022-04-18,77.26,77.27,77.26,77.27,2884497
2022-04-19,77.26,77.27,77.26,77.26,3206916
2022-04-20,77.26,77.27,77.26,77.27,1937375
2022-04-21,77.27,77.27,77.27,77.27,3808523
2022-04-22,77.26,77.27,77.26,77.27,2192742
2022-04-25,77.26,77.27,77.26,77.27,10581812
2022-04-26,77.27,77.27,77.27,77.27,4573213
2022-04-27,77.27,77.27,77.27,77.27,7574734
2022-04-28,77.27,77.28,77.27,77.28,6079055
2022-04-29,77.27,77.27,77.27,77.27,2693453
2022-05-02,77.28,77.28,77.27,77.27,7578923
2022-05-03,77.28,77.28,77.27,77.27,6146977
2022-05-04,77.27,77.28,77.27,77.28,3090610
2022-05-05,77.28,77.28,77.27,77.28,5216849
2022-05-06,77.27,77.28,77.27,77.28,4803046
2022-05-09,77.29,77.29,77.27,77.27,8861128
2022-05-10,77.28,77.29,77.27,77.27,8330384
2022-05-11,77.27,77.29,77.27,77.27,6442330
2022-05-12,77.28,77.29,77.27,77.28,9051847
2022-05-13,77.27,77.29,77.27,77.29,14933891
2022-05-16,77.28,77.28,77.27,77.28,2720626
2022-05-17,77.27,77.29,77.27,77.28,2496668
2022-05-18,77.28,77.29,77.27,77.28,4469556
2022-05-19,77.29,77.3,77.28,77.3,4075098
2022-05-20,77.29,77.3,77.28,77.3,3231219
2022-05-23,77.29,77.3,77.29,77.3,2117543
2022-05-24,77.3,77.3,77.29,77.29,3483385
2022-05-25,77.29,77.3,77.29,77.3,1732339
2022-05-26,77.29,77.32,77.29,77.32,3426708
2022-05-27,77.31,77.31,77.29,77.3,2966018
2022-05-31,77.31,77.31,77.29,77.29,19795835
2022-06-01,77.31,77.31,77.29,77.29,19066025
2022-06-02,77.3,77.31,77.29,77.31,1286880
2022-06-03,77.3,77.31,77.29,77.29,3125745
2022-06-06,77.3,77.3,77.29,77.3,1615180
2022-06-07,77.3,77.31,77.29,77.29,1797203
2022-06-08,77.31,77.31,77.3,77.3,2029340
2022-06-09,77.31,77.31,77.3,77.31,1868749
2022-06-10,77.31,77.31,77.29,77.29,7167045
2022-06-13,77.3,77.3,77.29,77.3,37616107
2022-06-14,77.29,77.29,77.28,77.29,8460626
2022-06-15,77.29,77.3,77.28,77.3,2922399
2022-06-16,77.3,77.32,77.29,77.32,5312040
2022-06-17,77.31,77.32,77.31,77.31,3479207
2022-06-21,77.32,77.33,77.31,77.33,5374001
2022-06-22,77.33,77.33,77.32,77.33,2948024
2022-06-23,77.33,77.33,77.33,77.33,4682764
2022-06-24,77.33,77.33,77.32,77.32,3583345
2022-06-27,77.33,77.33,77.32,77.32,7662484
2022-06-28,77.33,77.33,77.33,77.33,2934860
2022-06-29,77.32,77.34,77.32,77.34,2139552
2022-06-30,77.34,77.35,77.33,77.35,4434561
2022-07-01,77.35,77.35,77.33,77.35,35911482
2022-07-05,77.35,77.35,77.34,77.35,9084403
2022-07-06,77.35,77.35,77.34,77.35,3891366
2022-07-07,77.35,77.35,77.34,77.35,1845534
2022-07-08,77.35,77.35,77.34,77.34,1402157
2022-07-11,77.34,77.35,77.34,77.35,2341940
2022-07-12,77.35,77.35,77.34,77.34,15708944
2022-07-13,77.34,77.35,77.32,77.34,12634540
2022-07-14,77.33,77.35,77.33,77.35,5183461
2022-07-15,77.35,77.35,77.34,77.34,6952595
2022-07-18,77.34,77.35,77.33,77.34,3682390
2022-07-19,77.35,77.35,77.34,77.34,6871082
2022-07-20,77.35,77.35,77.34,77.34,4865190
2022-07-21,77.35,77.36,77.34,77.36,3710369
2022-07-22,77.36,77.37,77.35,77.37,3533128
2022-07-25,77.36,77.36,77.35,77.36,3183764
2022-07-26,77.36,77.36,77.35,77.36,1503941
2022-07-27,77.36,77.37,77.35,77.36,2633164
2022-07-28,77.37,77.38,77.37,77.37,7810543
2022-07-29,77.37,77.39,77.37,77.38,6641117
2022-08-01,77.38,77.39,77.38,77.38,11532101
2022-08-02,77.38,77.39,77.38,77.39,3151041
2022-08-03,77.4,77.4,77.38,77.38,4254380
2022-08-04,77.41,77.42,77.4,77.4,6584391
2022-08-05,77.42,77.42,77.41,77.42,1873149
2022-08-08,77.41,77.43,77.41,77.43,2788329
2022-08-09,77.41,77.43,77.41,77.42,4034931
2022-08-10,77.42,77.44,77.42,77.43,3808215
2022-08-11,77.44,77.44,77.43,77.43,6602655
2022-08-12,77.44,77.44,77.44,77.44,2117664
2022-08-15,77.44,77.44,77.44,77.44,5780238
2022-08-16,77.45,77.45,77.44,77.44,4393768
2022-08-17,77.45,77.46,77.44,77.44,3908781
2022-08-18,77.47,77.48,77.46,77.48,2286916
2022-08-19,77.47,77.48,77.46,77.48,4194232
2022-08-22,77.47,77.49,77.47,77.49,5693046
2022-08-23,77.49,77.49,77.47,77.47,6979709
2022-08-24,77.49,77.5,77.48,77.5,2643621
2022-08-25,77.5,77.5,77.5,77.5,4143747
2022-08-26,77.5,77.51,77.5,77.5,5451833
2022-08-29,77.5,77.51,77.5,77.5,7353892
2022-08-30,77.51,77.52,77.5,77.51,32175285
2022-08-31,77.52,77.53,77.51,77.53,9908683
2022-09-01,77.54,77.54,77.54,77.54,8230180
2022-09-02,77.54,77.55,77.54,77.55,5884721
2022-09-06,77.54,77.55,77.54,77.55,8078149
2022-09-07,77.54,77.56,77.54,77.56,5239017
2022-09-08,77.58,77.58,77.56,77.58,4618324
2022-09-09,77.57,77.58,77.57,77.58,2025729
2022-09-12,77.58,77.59,77.57,77.57,5412373
2022-09-13,77.57,77.59,77.57,77.59,6244250
2022-09-14,77.59,77.59,77.58,77.59,4243171
2022-09-15,77.6,77.61,77.6,77.61,5817965
2022-09-16,77.61,77.61,77.6,77.61,3583788
2022-09-19,77.61,77.62,77.6,77.61,5211406
2022-09-20,77.62,77.62,77.6,77.6,3826530
2022-09-21,77.61,77.63,77.61,77.62,3811483
2022-09-22,77.64,77.65,77.63,77.65,11011104
2022-09-23,77.65,77.65,77.64,77.65,15236749
2022-09-26,77.65,77.65,77.64,77.64,7848295
2022-09-27,77.65,77.66,77.65,77.66,6030114
2022-09-28,77.66,77.67,77.65,77.67,6869780
2022-09-29,77.69,77.69,77.68,77.69,5973287
2022-09-30,77.69,77.69,77.67,77.69,9969326
2022-10-03,77.69,77.69,77.67,77.67,7600291
2022-10-04,77.69,77.69,77.68,77.69,6631730
2022-10-05,77.69,77.7,77.68,77.69,6486681
2022-10-06,77.72,77.72,77.71,77.71,3458762
2022-10-07,77.71,77.72,77.71,77.71,5086114
2022-10-10,77.73,77.73,77.72,77.72,5645423
2022-10-11,77.72,77.73,77.72,77.72,7997615
2022-10-12,77.73,77.73,77.72,77.72,4716198
2022-10-13,77.74,77.74,77.74,77.74,5095433
2022-10-14,77.74,77.74,77.74,77.74,3155068
2022-10-17,77.75,77.75,77.74,77.74,6413168
2022-10-18,77.74,77.75,77.74,77.74,5174140
2022-10-19,77.75,77.75,77.74,77.74,4349429
2022-10-20,77.76,77.78,77.76,77.78,4641270
2022-10-21,77.78,77.79,77.77,77.79,4725105
2022-10-24,77.78,77.79,77.78,77.78,2322632
2022-10-25,77.78,77.8,77.78,77.78,7081549
2022-10-26,77.79,77.8,77.79,77.8,8205788
2022-10-27,77.81,77.82,77.8,77.82,4615478
2022-10-28,77.82,77.82,77.81,77.81,25685039
2022-10-31,77.82,77.83,77.81,77.81,6252020
2022-11-01,77.83,77.84,77.82,77.82,6116536
2022-11-02,77.84,77.84,77.84,77.84,3347586
2022-11-03,77.86,77.87,77.85,77.87,9050802
2022-11-04,77.88,77.89,77.87,77.89,9502528
2022-11-07,77.89,77.89,77.88,77.88,6503873
2022-11-08,77.89,77.9,77.89,77.89,5842979
2022-11-09,77.92,77.93,77.91,77.93,3602526
2022-11-10,77.93,77.94,77.93,77.94,5835670
2022-11-11,77.93,77.94,77.93,77.93,6644954
2022-11-14,77.95,77.95,77.93,77.93,10435379
2022-11-15,77.95,77.95,77.94,77.95,9800775
2022-11-16,77.95,77.95,77.95,77.95,7824129
2022-11-17,77.97,77.98,77.97,77.98,4772984
2022-11-18,77.97,77.98,77.97,77.98,7061767
2022-11-21,77.99,77.99,77.98,77.99,3437283
2022-11-22,77.99,78.01,77.99,78.01,5261176
2022-11-23,78.01,78.03,78.01,78.02,4144440
2022-11-25,78.03,78.03,78.02,78.02,2543090
2022-11-28,78.03,78.04,78.03,78.03,4456155
2022-11-29,78.05,78.06,78.04,78.06,3754663
2022-11-30,78.05,78.06,78.05,78.06,5418275
2022-12-01,78.07,78.08,78.07,78.07,10968003
2022-12-02,78.09,78.09,78.08,78.08,10316323
2022-12-05,78.09,78.1,78.09,78.09,8943739
2022-12-06,78.11,78.12,78.1,78.12,9646932
2022-12-07,78.13,78.13,78.12,78.12,9798553
2022-12-08,78.14,78.17,78.14,78.17,3855858
2022-12-09,78.16,78.17,78.16,78.16,7718474
2022-12-12,78.18,78.18,78.17,78.17,4383623
2022-12-13,78.18,78.19,78.17,78.17,6645767
2022-12-14,78.19,78.19,78.17,78.19,6898429
2022-12-15,78.2,78.21,78.2,78.21,7772108
2022-12-16,78.22,78.22,78.21,78.21,4120879
2022-12-19,78.23,78.23,78.22,78.22,8627050
2022-12-20,78.24,78.24,78.23,78.23,5204285
2022-12-21,78.25,78.25,78.24,78.24,6471770
2022-12-22,78.27,78.29,78.27,78.29,6594154
2022-12-23,78.28,78.29,78.28,78.29,3682274
2022-12-27,78.29,78.3,78.29,78.29,4267948
2022-12-28,78.31,78.31,78.3,78.31,4123246
2022-12-29,78.34,78.35,78.34,78.35,5637384
2022-12-30,78.34,78.34,78.33,78.34,6533721
2023-01-03,78.35,78.35,78.34,78.35,12503054
2023-01-04,78.35,78.36,78.34,78.34,9074489
2023-01-05,78.37,78.37,78.36,78.37,6454130
2023-01-06,78.37,78.37,78.36,78.36,4620714
2023-01-09,78.37,78.37,78.37,78.37,9734546
2023-01-10,78.37,78.38,78.37,78.37,5606657
2023-01-11,78.37,78.38,78.37,78.37,8601349
2023-01-12,78.42,78.43,78.42,78.43,8086875
2023-01-13,78.43,78.43,78.43,78.43,5501137
2023-01-17,78.43,78.44,78.43,78.43,9495439
2023-01-18,78.44,78.45,78.44,78.44,4944801
2023-01-19,78.47,78.48,78.47,78.48,6491335
2023-01-20,78.49,78.49,78.48,78.49,4530408
2023-01-23,78.49,78.49,78.49,78.49,9166448
2023-01-24,78.5,78.5,78.49,78.49,5073702
2023-01-25,78.51,78.52,78.5,78.5,7570284
2023-01-26,78.54,78.55,78.54,78.55,5116540
2023-01-27,78.55,78.55,78.55,78.55,5227546
2023-01-30,78.55,78.56,78.55,78.55,4281510
2023-01-31,78.56,78.57,78.56,78.56,7362580
2023-02-01,78.59,78.59,78.57,78.57,9423976
2023-02-02,78.6,78.61,78.6,78.6,11984466
2023-02-03,78.62,78.62,78.61,78.62,8913135
2023-02-06,78.63,78.63,78.62,78.63,5928213
2023-02-07,78.64,78.64,78.63,78.64,4283241
2023-02-08,78.65,78.65,78.64,78.64,4101519
2023-02-09,78.66,78.67,78.66,78.66,4909424
2023-02-10,78.67,78.68,78.67,78.67,4570490
2023-02-13,78.69,78.69,78.68,78.69,8903955
2023-02-14,78.69,78.7,78.69,78.69,4056633
2023-02-15,78.71,78.71,78.7,78.71,4897020
2023-02-16,78.75,78.75,78.74,78.75,5556380
2023-02-17,78.76,78.76,78.75,78.76,4391746
2023-02-21,78.77,78.77,78.76,78.76,17021270
2023-02-22,78.77,78.78,78.77,78.78,18697179
2023-02-23,78.81,78.81,78.8,78.81,4863169
2023-02-24,78.82,78.82,78.81,78.82,7728601
2023-02-27,78.82,78.83,78.82,78.83,7477368
2023-02-28,78.83,78.83,78.83,78.83,8086877
2023-03-01,78.85,78.85,78.84,78.84,11005645
2023-03-02,78.87,78.87,78.87,78.87,9639282
2023-03-03,78.87,78.88,78.87,78.88,7059213
2023-03-06,78.89,78.89,78.88,78.89,6131236
2023-03-07,78.9,78.91,78.89,78.89,4330695
2023-03-08,78.91,78.91,78.9,78.91,8207040
2023-03-09,78.93,78.93,78.93,78.93,6450460
2023-03-10,78.94,78.95,78.94,78.94,13461885
2023-03-13,78.99,78.99,78.96,78.96,21684742
2023-03-14,78.98,78.99,78.97,78.97,35715154
2023-03-15,79.0,79.01,78.99,79.01,11411671
2023-03-16,79.04,79.05,79.04,79.05,9346998
2023-03-17,79.04,79.06,79.04,79.06,8556239
2023-03-20,79.06,79.07,79.05,79.07,8169649
2023-03-21,79.06,79.08,79.06,79.07,7888533
2023-03-22,79.08,79.09,79.08,79.09,8202639
2023-03-23,79.11,79.12,79.11,79.12,5769458
2023-03-24,79.13,79.14,79.12,79.14,7374824
2023-03-27,79.13,79.14,79.13,79.13,6188622
2023-03-28,79.15,79.16,79.15,79.15,6215010
2023-03-29,79.15,79.17,79.15,79.15,4705650
2023-03-30,79.17,79.18,79.15,79.17,9284749
2023-03-31,79.17,79.17,79.15,79.15,11613407
2023-04-03,79.18,79.18,79.17,79.17,12448638
2023-04-04,79.18,79.19,79.18,79.18,10265808
2023-04-05,79.22,79.23,79.22,79.22,6913877
2023-04-06,79.24,79.24,79.23,79.23,4941406
2023-04-10,79.25,79.25,79.24,79.24,5741944
2023-04-11,79.25,79.26,79.25,79.25,7722550
2023-04-12,79.26,79.27,79.26,79.26,8786248
2023-04-13,79.3,79.31,79.3,79.31,8673892
2023-04-14,79.31,79.32,79.3,79.31,9389824
2023-04-17,79.32,79.32,79.32,79.32,5173785
2023-04-18,79.32,79.34,79.32,79.33,4540656
2023-04-19,79.35,79.35,79.34,79.34,5901933
2023-04-20,79.39,79.4,79.38,79.4,6034406
2023-04-21,79.39,79.39,79.39,79.39,5878598
2023-04-24,79.41,79.41,79.39,79.4,8195934
2023-04-25,79.4,79.41,79.39,79.39,4222514
2023-04-26,79.4,79.41,79.4,79.41,7365235
2023-04-27,79.44,79.45,79.43,79.44,5585429
2023-04-28,79.43,79.44,79.43,79.44,6526070
2023-05-01,79.45,79.46,79.44,79.44,11273342
2023-05-02,79.45,79.45,79.42,79.42,5495889
2023-05-03,79.44,79.44,79.43,79.43,5533058
2023-05-04,79.47,79.47,79.45,79.46,8052718
2023-05-05,79.47,79.49,79.47,79.47,7169177
2023-05-08,79.48,79.49,79.48,79.48,5508603
2023-05-09,79.5,79.5,79.49,79.49,6850301
2023-05-10,79.51,79.52,79.5,79.5,4831812
2023-05-11,79.55,79.56,79.54,79.55,6159808
2023-05-12,79.57,79.57,79.56,79.57,4324759
2023-05-15,79.57,79.58,79.57,79.58,4056073
2023-05-16,79.58,79.59,79.57,79.57,8530375
2023-05-17,79.59,79.6,79.59,79.59,5415399
2023-05-18,79.62,79.63,79.61,79.63,6433957
2023-05-19,79.64,79.64,79.62,79.63,6438118
2023-05-22,79.64,79.64,79.63,79.64,8404900
2023-05-23,79.64,79.65,79.64,79.64,5050528
2023-05-24,79.65,79.66,79.64,79.64,4762054
2023-05-25,79.7,79.7,79.69,79.69,5264007
2023-05-26,79.72,79.73,79.71,79.71,5915888
2023-05-30,79.73,79.74,79.72,79.72,11529270
2023-05-31,79.74,79.74,79.74,79.74,9807373
2023-06-01,79.78,79.78,79.77,79.78,10700452
2023-06-02,79.79,79.79,79.77,79.79,10257549
2023-06-05,79.8,79.8,79.78,79.79,10103633
2023-06-06,79.81,79.81,79.8,79.81,6120926
2023-06-07,79.81,79.83,79.81,79.81,6483083
2023-06-08,79.85,79.86,79.85,79.86,8802012
2023-06-09,79.86,79.87,79.86,79.87,6456740
2023-06-12,79.88,79.88,79.88,79.88,3781329
2023-06-13,79.88,79.89,79.88,79.89,6784247
2023-06-14,79.9,79.91,79.89,79.91,5756288
2023-06-15,79.95,79.95,79.95,79.95,9827278
2023-06-16,79.96,79.96,79.95,79.95,4765337
2023-06-20,79.96,79.97,79.96,79.97,6174256
2023-06-21,79.98,79.99,79.97,79.97,4945331
2023-06-22,80.01,80.02,80.01,80.01,4704645
2023-06-23,80.02,80.02,80.02,80.02,3851471
2023-06-26,80.03,80.04,80.02,80.02,7241346
2023-06-27,80.04,80.05,80.04,80.04,5476342
2023-06-28,80.06,80.06,80.05,80.05,4486792
2023-06-29,80.08,80.09,80.08,80.08,5728011
2023-06-30,80.1,80.11,80.1,80.1,8043510
2023-07-03,80.11,80.12,80.11,80.12,7138841
2023-07-05,80.13,80.14,80.12,80.13,7987862
2023-07-06,80.16,80.17,80.16,80.16,7569955
2023-07-07,80.17,80.17,80.17,80.17,6490997
2023-07-10,80.17,80.18,80.17,80.18,4185982
2023-07-11,80.19,80.2,80.19,80.19,5569134
2023-07-12,80.2,80.21,80.2,80.21,7188077
2023-07-13,80.24,80.24,80.24,80.24,5902610
2023-07-14,80.24,80.25,80.24,80.25,6505849
2023-07-17,80.26,80.26,80.25,80.26,3932615
2023-07-18,80.27,80.27,80.26,80.26,4791005
2023-07-19,80.28,80.29,80.28,80.28,5132137
2023-07-20,80.32,80.32,80.31,80.32,5047573
2023-07-21,80.32,80.33,80.32,80.32,4087140
2023-07-24,80.33,80.34,80.33,80.33,3752360
2023-07-25,80.35,80.35,80.34,80.34,4170511
2023-07-26,80.36,80.36,80.35,80.35,4699978
2023-07-27,80.39,80.39,80.39,80.39,4727801
2023-07-28,80.4,80.41,80.4,80.4,3714538
2023-07-31,80.41,80.42,80.41,80.41,6722741
2023-08-01,80.43,80.43,80.42,80.43,13371033
2023-08-02,80.44,80.44,80.43,80.44,8217435
2023-08-03,80.48,80.48,80.47,80.48,5729211
2023-08-04,80.49,80.49,80.49,80.49,6200044
2023-08-07,80.5,80.5,80.49,80.49,5977994
2023-08-08,80.51,80.51,80.5,80.51,6517873
2023-08-09,80.52,80.53,80.52,80.52,4293045
2023-08-10,80.55,80.56,80.55,80.56,5120647
2023-08-11,80.56,80.57,80.56,80.57,3669147
2023-08-14,80.57,80.58,80.57,80.58,6596068
2023-08-15,80.58,80.59,80.58,80.59,4853142
2023-08-16,80.6,80.61,80.6,80.61,7890326
2023-08-17,80.63,80.64,80.63,80.64,5621651
2023-08-18,80.65,80.65,80.64,80.65,6774433
2023-08-21,80.66,80.66,80.65,80.66,5959691
2023-08-22,80.68,80.68,80.67,80.67,5790320
2023-08-23,80.68,80.69,80.68,80.69,9529319
2023-08-24,80.71,80.72,80.71,80.71,6746698
2023-08-25,80.72,80.73,80.72,80.73,4882975
2023-08-28,80.74,80.75,80.74,80.75,4264068
2023-08-29,80.76,80.76,80.74,80.74,9168234
2023-08-30,80.76,80.77,80.75,80.76,6427024
2023-08-31,80.8,80.81,80.8,80.81,7771549
2023-09-01,80.82,80.82,80.81,80.82,21540522
2023-09-05,80.84,80.84,80.83,80.84,8316301
2023-09-06,80.85,80.85,80.84,80.84,6524802
2023-09-07,80.88,80.89,80.88,80.89,6808090
2023-09-08,80.89,80.89,80.89,80.89,6420359
2023-09-11,80.91,80.91,80.89,80.89,8027074
2023-09-12,80.91,80.92,80.91,80.92,9948398
2023-09-13,80.92,80.93,80.92,80.93,4696195
2023-09-14,80.96,80.96,80.96,80.96,4214826
2023-09-15,80.97,80.97,80.96,80.97,4688759
2023-09-18,80.99,80.99,80.98,80.98,7376159
2023-09-19,80.99,81.0,80.99,80.99,4357493
2023-09-20,81.0,81.01,81.0,81.0,5946196
2023-09-21,81.04,81.04,81.04,81.04,7526646
2023-09-22,81.05,81.06,81.05,81.05,15684404
2023-09-25,81.07,81.07,81.06,81.06,7491954
2023-09-26,81.07,81.08,81.07,81.07,7130600
2023-09-27,81.1,81.1,81.08,81.1,7669707
2023-09-28,81.12,81.13,81.12,81.12,8426352
2023-09-29,81.13,81.14,81.13,81.13,9081532
2023-10-02,81.15,81.15,81.15,81.15,22550368
2023-10-03,81.16,81.16,81.15,81.16,10648812
2023-10-04,81.16,81.17,81.16,81.17,26575749
2023-10-05,81.22,81.23,81.22,81.23,8295301
2023-10-06,81.23,81.23,81.23,81.23,9856139
2023-10-09,81.23,81.24,81.23,81.23,5972285
2023-10-10,81.24,81.25,81.23,81.23,8463658
2023-10-11,81.24,81.25,81.24,81.25,6839359
2023-10-12,81.29,81.29,81.28,81.29,7528682
2023-10-13,81.3,81.31,81.3,81.31,15044288
2023-10-16,81.32,81.32,81.31,81.31,8181787
2023-10-17,81.32,81.33,81.32,81.32,5363207
2023-10-18,81.33,81.34,81.33,81.33,6069544
2023-10-19,81.37,81.38,81.37,81.37,4551547
2023-10-20,81.39,81.39,81.38,81.39,4887085
2023-10-23,81.4,81.4,81.39,81.39,14352697
2023-10-24,81.41,81.41,81.4,81.4,12544151
2023-10-25,81.42,81.42,81.41,81.41,12375965
2023-10-26,81.46,81.46,81.45,81.45,9919980
2023-10-27,81.46,81.48,81.46,81.47,28357722
2023-10-30,81.47,81.48,81.47,81.48,25136882
2023-10-31,81.48,81.49,81.48,81.48,16748409
2023-11-01,81.51,81.51,81.5,81.51,25791850
2023-11-02,81.53,81.54,81.53,81.53,11970792
2023-11-03,81.54,81.55,81.54,81.54,13721127
2023-11-06,81.56,81.56,81.55,81.55,28039215
2023-11-07,81.57,81.58,81.57,81.57,6950988
2023-11-08,81.58,81.59,81.58,81.58,9180829
2023-11-09,81.61,81.62,81.61,81.62,11886828
2023-11-10,81.63,81.64,81.63,81.63,5574226
2023-11-13,81.64,81.65,81.64,81.64,6166730
2023-11-14,81.65,81.66,81.65,81.65,11126530
2023-11-15,81.68,81.68,81.67,81.67,10552705
2023-11-16,81.7,81.71,81.7,81.7,7802852
2023-11-17,81.71,81.72,81.71,81.72,6794144
2023-11-20,81.73,81.73,81.72,81.72,8516563
2023-11-21,81.76,81.76,81.75,81.75,13067070
2023-11-22,81.79,81.79,81.78,81.78,7628016
2023-11-24,81.79,81.8,81.79,81.79,2838982
2023-11-27,81.8,81.81,81.8,81.8,9166036
2023-11-28,81.82,81.83,81.82,81.82,7244736
2023-11-29,81.83,81.84,81.83,81.83,6942212
2023-11-30,81.86,81.87,81.86,81.86,18629938
2023-12-01,81.89,81.89,81.88,81.88,21247844
2023-12-04,81.89,81.9,81.88,81.88,15502991
2023-12-05,81.91,81.91,81.9,81.9,6463431
2023-12-06,81.91,81.92,81.91,81.91,6941736
2023-12-07,81.94,81.95,81.94,81.94,7369288
2023-12-08,81.96,81.97,81.96,81.96,5730106
2023-12-11,81.98,81.98,81.97,81.98,5613480
2023-12-12,81.99,81.99,81.98,81.98,7885886
2023-12-13,81.99,82.0,81.99,81.99,6781752
2023-12-14,82.02,82.03,82.02,82.02,13475435
2023-12-15,82.04,82.05,82.04,82.05,6917564
2023-12-18,82.06,82.06,82.05,82.06,8910931
2023-12-19,82.07,82.07,82.06,82.06,6977328
2023-12-20,82.08,82.09,82.08,82.08,8098694
2023-12-21,82.12,82.13,82.12,82.13,5055220
2023-12-22,82.13,82.14,82.13,82.14,7471575
2023-12-26,82.16,82.16,82.15,82.16,4638805
2023-12-27,82.16,82.17,82.16,82.16,4717657
2023-12-28,82.21,82.21,82.21,82.21,5605061
2023-12-29,82.22,82.22,82.21,82.21,5588567
2024-01-02,82.22,82.23,82.22,82.22,9445457
2024-01-03,82.23,82.25,82.23,82.25,6793459
2024-01-04,82.28,82.29,82.28,82.28,5840204
2024-01-05,82.3,82.3,82.29,82.29,4991770
2024-01-08,82.3,82.3,82.3,82.3,4889873
2024-01-09,82.31,82.31,82.3,82.3,5080805
2024-01-10,82.32,82.33,82.32,82.32,8798589
2024-01-11,82.37,82.38,82.37,82.37,5947134
2024-01-12,82.38,82.39,82.38,82.39,5049228
2024-01-16,82.39,82.4,82.39,82.39,6485231
2024-01-17,82.4,82.41,82.4,82.41,5915682
2024-01-18,82.44,82.45,82.44,82.45,5270513
2024-01-19,82.46,82.46,82.45,82.46,5444552
2024-01-22,82.47,82.48,82.47,82.47,6114020
2024-01-23,82.48,82.48,82.48,82.48,4961785
2024-01-24,82.49,82.49,82.48,82.48,6486095
2024-01-25,82.53,82.53,82.52,82.53,6059517
2024-01-26,82.54,82.54,82.53,82.54,5612929
2024-01-29,82.55,82.56,82.55,82.55,5646110
2024-01-30,82.56,82.57,82.56,82.56,30704159
2024-01-31,82.57,82.57,82.57,82.57,10964444
2024-02-01,82.61,82.62,82.61,82.61,14759198
2024-02-02,82.63,82.63,82.62,82.63,8157678
2024-02-05,82.63,82.63,82.63,82.63,6923421
2024-02-06,82.64,82.64,82.63,82.64,5037906
2024-02-07,82.66,82.66,82.65,82.65,8475361
2024-02-08,82.7,82.7,82.69,82.69,5406347
2024-02-09,82.7,82.71,82.7,82.7,5087015
2024-02-12,82.72,82.72,82.71,82.72,7216834
2024-02-13,82.72,82.72,82.72,82.72,7655093
2024-02-14,82.73,82.74,82.73,82.73,6028047
2024-02-15,82.79,82.79,82.78,82.78,4800582
2024-02-16,82.79,82.8,82.79,82.8,6052632
2024-02-20,82.81,82.81,82.81,82.81,4841054
2024-02-21,82.81,82.82,82.81,82.81,5167987
2024-02-22,82.85,82.86,82.85,82.86,7474034
2024-02-23,82.86,82.87,82.86,82.87,5608617
2024-02-26,82.87,82.88,82.87,82.87,4644794
2024-02-27,82.89,82.9,82.89,82.89,6027487
2024-02-28,82.9,82.91,82.9,82.9,3917619
2024-02-29,82.93,82.94,82.93,82.93,13028942
2024-03-01,82.95,82.96,82.95,82.96,13095372
2024-03-04,82.96,82.96,82.96,82.96,8628321
2024-03-05,82.97,82.97,82.96,82.96,10329533
2024-03-06,82.99,82.99,82.98,82.98,6751956
2024-03-07,83.03,83.03,83.02,83.02,4388642
2024-03-08,83.03,83.04,83.03,83.03,4298947
2024-03-11,83.05,83.05,83.04,83.04,5117938
2024-03-12,83.05,83.06,83.05,83.06,4136599
2024-03-13,83.07,83.07,83.06,83.06,4478385
2024-03-14,83.1,83.11,83.1,83.1,4602968
2024-03-15,83.12,83.12,83.11,83.12,4445587
2024-03-18,83.13,83.13,83.12,83.13,5594431
2024-03-19,83.14,83.15,83.14,83.15,5681897
2024-03-20,83.15,83.15,83.15,83.15,4398241
2024-03-21,83.18,83.19,83.18,83.18,7534914
2024-03-22,83.19,83.2,83.19,83.19,4686398
2024-03-25,83.22,83.22,83.21,83.21,4049959
2024-03-26,83.22,83.23,83.22,83.22,4275961
2024-03-27,83.26,83.27,83.26,83.27,5350734
2024-03-28,83.27,83.28,83.27,83.27,10199202
2024-04-01,83.3,83.3,83.3,83.3,14208235
2024-04-02,83.31,83.31,83.3,83.31,8902535
2024-04-03,83.32,83.32,83.31,83.31,8433880
2024-04-04,83.35,83.36,83.35,83.35,6620414
2024-04-05,83.37,83.37,83.36,83.37,5463180
2024-04-08,83.38,83.39,83.38,83.38,4983819
2024-04-09,83.39,83.4,83.39,83.39,5578078
2024-04-10,83.4,83.4,83.4,83.4,4799657
2024-04-11,83.43,83.44,83.43,83.43,5081524
2024-04-12,83.44,83.45,83.44,83.44,7005439
2024-04-15,83.45,83.46,83.45,83.46,7376723
2024-04-16,83.48,83.48,83.47,83.47,8427001
2024-04-17,83.49,83.49,83.48,83.48,10975341
2024-04-18,83.51,83.52,83.51,83.52,7379151
2024-04-19,83.53,83.53,83.52,83.53,6855085
2024-04-22,83.55,83.55,83.54,83.55,6628445
2024-04-23,83.56,83.56,83.55,83.56,5991946
2024-04-24,83.56,83.57,83.56,83.56,7103529
2024-04-25,83.6,83.6,83.6,83.6,5351054
2024-04-26,83.61,83.61,83.6,83.6,6842826
2024-04-29,83.62,83.63,83.62,83.62,7880036
2024-04-30,83.63,83.64,83.63,83.63,13723641
2024-05-01,83.65,83.66,83.65,83.65,13814723
2024-05-02,83.69,83.69,83.68,83.69,8928181
2024-05-03,83.7,83.7,83.69,83.7,7417903
2024-05-06,83.71,83.71,83.7,83.7,8050964
2024-05-07,83.72,83.72,83.71,83.71,5471718
2024-05-08,83.73,83.74,83.73,83.73,4992461
2024-05-09,83.77,83.78,83.77,83.78,5300426
2024-05-10,83.78,83.79,83.78,83.78,4157590
2024-05-13,83.79,83.79,83.79,83.79,4583692
2024-05-14,83.81,83.81,83.8,83.8,6834419
2024-05-15,83.82,83.82,83.81,83.81,6416111
2024-05-16,83.86,83.86,83.85,83.85,8627377
2024-05-17,83.87,83.87,83.86,83.86,4260460
2024-05-20,83.88,83.89,83.88,83.88,4460536
2024-05-21,83.9,83.9,83.89,83.89,3358350
2024-05-22,83.9,83.91,83.9,83.9,5629592
2024-05-23,83.95,83.96,83.95,83.96,5209963
2024-05-24,83.96,83.97,83.96,83.97,4187414
2024-05-28,83.96,83.97,83.96,83.96,4940918
2024-05-29,83.97,83.98,83.97,83.98,4961205
2024-05-30,83.99,84.0,83.99,84.0,5727284
2024-05-31,84.01,84.02,84.01,84.01,12454843
2024-06-03,84.05,84.05,84.03,84.03,15275151
2024-06-04,84.04,84.06,84.04,84.05,8302257
2024-06-05,84.06,84.06,84.06,84.06,8099310
2024-06-06,84.07,84.07,84.06,84.06,4720806
2024-06-07,84.1,84.11,84.1,84.1,5032614
2024-06-10,84.11,84.12,84.11,84.12,4095844
2024-06-11,84.14,84.14,84.13,84.13,4831680
2024-06-12,84.15,84.15,84.14,84.15,6373619
2024-06-13,84.17,84.17,84.16,84.16,5132557
2024-06-14,84.18,84.2,84.18,84.2,5226529
2024-06-17,84.21,84.21,84.2,84.21,5347519
2024-06-18,84.22,84.23,84.22,84.23,6273184
2024-06-20,84.24,84.25,84.24,84.25,5238822
2024-06-21,84.28,84.29,84.28,84.28,5431875
2024-06-24,84.29,84.29,84.29,84.29,5280395
2024-06-25,84.3,84.31,84.29,84.29,3547887
2024-06-26,84.3,84.31,84.3,84.3,4098083
2024-06-27,84.32,84.33,84.32,84.32,4487234
2024-06-28,84.35,84.36,84.35,84.35,10405262
2024-07-01,84.38,84.38,84.37,84.38,11882656
2024-07-02,84.39,84.39,84.38,84.39,8228057
2024-07-03,84.42,84.42,84.41,84.42,4240077
2024-07-05,84.45,84.45,84.44,84.44,4316494
2024-07-08,84.45,84.47,84.45,84.46,4748083
2024-07-09,84.47,84.48,84.46,84.46,4323263
2024-07-10,84.49,84.49,84.47,84.48,4653501
2024-07-11,84.49,84.5,84.49,84.49,5960308
2024-07-12,84.53,84.54,84.53,84.53,5871959
2024-07-15,84.54,84.55,84.54,84.55,6130484
2024-07-16,84.55,84.55,84.55,84.55,5457006
2024-07-17,84.56,84.57,84.55,84.57,7883424
2024-07-18,84.57,84.58,84.56,84.58,5746039
2024-07-19,84.62,84.62,84.61,84.61,4604884
2024-07-22,84.62,84.63,84.62,84.63,6777721
2024-07-23,84.63,84.65,84.63,84.63,8687910
2024-07-24,84.66,84.66,84.65,84.66,5548031
2024-07-25,84.66,84.67,84.66,84.66,5926523
2024-07-26,84.7,84.7,84.68,84.7,4299275
2024-07-29,84.71,84.71,84.7,84.7,4097449
2024-07-30,84.72,84.72,84.71,84.71,6748041
2024-07-31,84.72,84.73,84.72,84.73,12395013
2024-08-01,84.74,84.75,84.74,84.75,18244894
2024-08-02,84.79,84.8,84.78,84.8,14492034
2024-08-05,84.8,84.81,84.8,84.8,21054236
2024-08-06,84.81,84.82,84.81,84.82,9774271
2024-08-07,84.83,84.83,84.82,84.83,14277119
2024-08-08,84.83,84.84,84.83,84.84,6945964
2024-08-09,84.86,84.87,84.86,84.86,7714465
2024-08-12,84.87,84.89,84.87,84.89,6167053
2024-08-13,84.89,84.9,84.89,84.9,7486712
2024-08-14,84.9,84.92,84.9,84.91,5103806
2024-08-15,84.92,84.93,84.91,84.92,6864965
2024-08-16,84.95,84.96,84.95,84.96,8828859
2024-08-19,84.97,84.97,84.96,84.96,5960003
2024-08-20,84.97,84.98,84.97,84.98,5868897
2024-08-21,85.0,85.0,84.99,85.0,4315703
2024-08-22,85.0,85.01,85.0,85.0,5643979
2024-08-23,85.04,85.05,85.04,85.04,6458023
2024-08-26,85.05,85.06,85.05,85.05,6712331
2024-08-27,85.07,85.07,85.06,85.07,6549617
2024-08-28,85.08,85.08,85.07,85.08,6373558
2024-08-29,85.08,85.09,85.08,85.08,4766820
2024-08-30,85.13,85.13,85.12,85.12,12422235
2024-09-03,85.15,85.16,85.14,85.16,18003278
2024-09-04,85.16,85.16,85.16,85.16,6427394
2024-09-05,85.17,85.18,85.16,85.17,7293030
2024-09-06,85.22,85.22,85.21,85.22,7105225
2024-09-09,85.23,85.23,85.22,85.22,5391773
2024-09-10,85.23,85.25,85.23,85.25,4815259
2024-09-11,85.25,85.26,85.25,85.25,7429469
2024-09-12,85.26,85.27,85.26,85.26,5189827
2024-09-13,85.3,85.3,85.3,85.3,8183467
2024-09-16,85.31,85.32,85.31,85.32,6037391
2024-09-17,85.34,85.34,85.33,85.33,9658206
2024-09-18,85.34,85.36,85.34,85.35,7621151
2024-09-19,85.36,85.37,85.36,85.37,8001060
2024-09-20,85.4,85.41,85.4,85.41,6438670
2024-09-23,85.42,85.42,85.41,85.42,6998757
2024-09-24,85.43,85.43,85.43,85.43,11580222
2024-09-25,85.43,85.44,85.43,85.44,5875805
2024-09-26,85.44,85.45,85.44,85.44,4937719
2024-09-27,85.47,85.48,85.47,85.47,8616730
2024-09-30,85.48,85.49,85.48,85.48,11440961
2024-10-01,85.5,85.5,85.49,85.5,13695697
2024-10-02,85.51,85.51,85.5,85.51,7391816
2024-10-03,85.52,85.53,85.52,85.53,5394932
2024-10-04,85.55,85.56,85.55,85.55,6248676
2024-10-07,85.56,85.57,85.56,85.57,6735471
2024-10-08,85.58,85.58,85.57,85.57,5266476
2024-10-09,85.58,85.59,85.58,85.58,6200816
2024-10-10,85.59,85.59,85.59,85.59,4717768
2024-10-11,85.63,85.63,85.62,85.63,6011019
2024-10-14,85.63,85.64,85.62,85.62,4174902
2024-10-15,85.64,85.65,85.63,85.65,5906416
2024-10-16,85.66,85.66,85.65,85.65,5757294
2024-10-17,85.67,85.67,85.66,85.67,4395799
2024-10-18,85.71,85.71,85.69,85.7,5286810
2024-10-21,85.71,85.72,85.7,85.72,5874668
2024-10-22,85.73,85.73,85.72,85.73,4191457
2024-10-23,85.73,85.73,85.73,85.73,5462296
2024-10-24,85.74,85.74,85.73,85.73,4688959
2024-10-25,85.76,85.77,85.76,85.77,6048352
2024-10-28,85.78,85.78,85.77,85.77,5718610
2024-10-29,85.79,85.8,85.78,85.79,4704757
2024-10-30,85.8,85.81,85.8,85.8,4965759
2024-10-31,85.81,85.82,85.81,85.82,12141684
2024-11-01,85.86,85.86,85.85,85.86,15201456
2024-11-04,85.87,85.87,85.86,85.87,9477075
2024-11-05,85.87,85.88,85.87,85.87,4689473
2024-11-06,85.88,85.89,85.88,85.89,9978203
2024-11-07,85.89,85.9,85.89,85.9,7827884
2024-11-08,85.93,85.95,85.93,85.95,8280947
2024-11-11,85.94,85.95,85.94,85.94,8165699
2024-11-12,85.95,85.96,85.95,85.95,5526251
2024-11-13,85.96,85.97,85.96,85.97,4860484
2024-11-14,85.98,85.98,85.97,85.97,6138386
2024-11-15,86.01,86.01,86.0,86.0,9715678
2024-11-18,86.01,86.02,86.01,86.01,7411016
2024-11-19,86.02,86.03,86.01,86.03,7470650
2024-11-20,86.03,86.04,86.03,86.04,5529421
2024-11-21,86.05,86.05,86.04,86.05,5889666
2024-11-22,86.07,86.08,86.07,86.08,6694305
2024-11-25,86.08,86.09,86.08,86.09,5107671
2024-11-26,86.09,86.1,86.09,86.09,6691983
2024-11-27,86.11,86.12,86.11,86.12,6120741
2024-11-29,86.14,86.16,86.14,86.14,9410504
2024-12-02,86.16,86.16,86.15,86.16,12973949
2024-12-03,86.17,86.18,86.17,86.18,5673466
2024-12-04,86.2,86.2,86.19,86.19,5963411
2024-12-05,86.21,86.21,86.2,86.2,5880194
2024-12-06,86.24,86.24,86.23,86.24,5706612
2024-12-09,86.24,86.25,86.24,86.24,8793111
2024-12-10,86.25,86.26,86.25,86.26,5400294
2024-12-11,86.26,86.27,86.26,86.27,5845891
2024-12-12,86.28,86.29,86.28,86.29,4770228
2024-12-13,86.32,86.32,86.31,86.32,6271898
2024-12-16,86.33,86.33,86.32,86.33,6761745
2024-12-17,86.34,86.34,86.33,86.34,5827373
2024-12-18,86.34,86.35,86.34,86.34,9268213
2024-12-19,86.36,86.36,86.35,86.35,13876413
2024-12-20,86.38,86.39,86.38,86.39,12689995
2024-12-23,86.39,86.4,86.39,86.39,6572846
2024-12-24,86.41,86.42,86.41,86.41,4145575
2024-12-26,86.43,86.43,86.42,86.43,6209339
2024-12-27,86.46,86.46,86.45,86.46,6143543
2024-12-30,86.46,86.47,86.46,86.46,8990109
2024-12-31,86.49,86.49,86.48,86.48,7301458
